timestamp,accel_x,accel_y,accel_z,gyro_x,gyro_y,gyro_z,magnitude,form_quality,rep_count
1743648354.3285494,9.886985546758093e-07,0.19999999999022477,1.0000079095884373,0.0239717107613438,0.04387889108870544,3.9547942185099416e-07,1.0000079095884373,good,1
1743648354.4289017,0.012578223620434661,0.19841157517195754,1.1006257889634772,0.029300108927456537,0.0405154737950722,0.004991330322791128,1.1006257889634772,good,2
1743648354.52918,0.024946700181005872,0.19367665992657973,1.199573601448047,0.034159778777869965,0.03651177226384642,0.009663187134494038,1.199573601448047,good,3
1743648354.6294646,0.03692028576199929,0.1858697662262727,1.2953622860959944,0.03847797767818701,0.03192875246227047,0.013724729767179979,1.2953622860959944,good,4
1743648354.7297409,0.04830738399131791,0.1751159233412583,1.3864590719305432,0.04218562036717515,0.02683977336410607,0.016918784303680708,1.3864590719305432,good,5
1743648354.8300126,0.058927976902025794,0.16158581049379694,1.4714238152162062,0.04522417352504457,0.021325433852014773,0.019043849816947168,1.4714238152162062,good,5
1743648354.9337404,0.06892948741045325,0.14489618028550189,1.551435899283626,0.047612390394495,0.01526631196203592,0.019975238869624535,1.551435899283626,good,5
1743648355.0339653,0.07748398590501564,0.12643151392388435,1.6198718872401252,0.049152921592876334,0.00916462213539389,0.01959283528565608,1.6198718872401252,good,5
1743648355.1342132,0.08481254241929537,0.1059590986819957,1.678500339354363,0.049914878617288494,0.002916314904353903,0.017973321103354124,1.678500339354363,good,5
1743648355.2343667,0.09079195231345025,0.08382890659222934,1.726335618507602,0.049886146728528355,-0.0033722936674821557,0.01522198017962072,1.726335618507602,good,5
1743648355.3345816,0.09533746016420838,0.0603578889437986,1.762699681313667,0.049067524621487,-0.009611348891792831,0.011508735665550223,1.762699681313667,good,5
1743648355.434871,0.09837465593275425,0.03591250869055058,1.786997247462034,0.04747028474467405,-0.015702613357641018,0.007065761372229921,1.786997247462034,good,5
1743648355.5350983,0.09985102083257133,0.010913045165013634,1.7988081666605706,0.04512175547382063,-0.021541290187933,0.0021793574002371362,1.7988081666605706,good,5
1743648355.6352637,0.09974607150892918,-0.01424376615022669,1.7979685720714333,0.042060500172072,-0.027035427225681696,-0.0028415194339539524,1.7979685720714333,good,5
1743648355.735421,0.09806306652063775,-0.03917320434015973,1.7845045321651019,0.038334059924595265,-0.03210139949749137,-0.007682889086071238,1.7845045321651019,good,5
1743648355.835552,0.09482973291522095,-0.06347666516848091,1.7586378633217676,0.034002376380760306,-0.03665840149898947,-0.012038950408551907,1.7586378633217676,moderate,5
1743648355.9356942,0.09009635009380289,-0.0867789767115263,1.7207708007504232,0.029132478453784458,-0.0406361747601787,-0.015636938133167282,1.7207708007504232,moderate,5
1743648356.0358355,0.08393811949958153,-0.10870863985671003,1.6715049559966522,0.023801890421793124,-0.04397124074152278,-0.018249597605858994,1.6715049559966522,moderate,5
1743648356.1359982,0.07645065818861874,-0.12892318430021785,1.61160526550895,0.018093615467761403,-0.04661138358067464,-0.0197125245910485,1.61160526550895,moderate,5
1743648356.2361252,0.06775690727368856,-0.14709182868813306,1.5420552581895084,0.01210124533723468,-0.048513501845239504,-0.01993297479427823,1.5420552581895084,moderate,5
1743648356.3362634,0.05799073035946089,-0.16293649305635988,1.4639258428756872,0.0059168478719184205,-0.04964867481877613,-0.018897612469095073,1.4639258428756872,moderate,5
1743648356.436496,0.04729702587769883,-0.1762156785660605,1.3783762070215906,-0.0003670515819865695,-0.0499986527132098,-0.016668955018390445,1.3783762070215906,moderate,5
1743648356.536727,0.03585414542760803,-0.18670276115425755,1.2868331634208643,-0.006645031556942824,-0.04955646835285213,-0.013388135900321434,1.2868331634208643,moderate,5
1743648356.6368766,0.02385313432883708,-0.19422695984533614,1.1908250746306965,-0.012812793842118775,-0.04833044913881272,-0.009265843526944897,1.1908250746306965,moderate,5
1743648356.7370632,0.011470206710725551,-0.19867998749761617,1.0917616536858044,-0.0187800383086749,-0.04633907812122187,-0.00455780105176405,1.0917616536858044,moderate,5
1743648356.8372884,-0.0010991410151484492,-0.1999879185253831,0.9912068718788124,-0.024452122382317698,-0.043612999335062456,0.0004396298475708299,0.9912068718788124,moderate,5
1743648356.93744,-0.013641905363673707,-0.19813024421373504,0.8908647570906103,-0.02973312389054744,-0.04019877291298028,0.005405748082490667,0.8908647570906103,moderate,5
1743648357.0375795,-0.025967430401215866,-0.19313925088762263,0.7922605567902731,-0.034543254394207176,-0.036149184995751794,0.01003066011033462,0.7922605567902731,moderate,5
1743648357.1378174,-0.03789371420254573,-0.18508448259036503,0.6968502863796342,-0.03881098833299734,-0.031523121428817046,0.014027076973210687,0.6968502863796342,moderate,5
1743648357.2380316,-0.049216967144430364,-0.17409985807121225,0.6062642628445571,-0.0424629556142183,-0.026398814376879257,0.017137333989081686,0.6062642628445571,moderate,5
1743648357.3383858,-0.05977481414622026,-0.16033679046039095,0.5218014868302379,-0.045446055298615964,-0.020848406600868567,0.01916820370114266,0.5218014868302379,poor,5
1743648357.4387338,-0.06938273481700302,-0.14402827651976452,0.4449381214639758,-0.04770724759701374,-0.014967248468480339,0.019986151431841605,0.4449381214639758,poor,5
1743648357.539026,-0.0778844324985088,-0.12544345617664127,0.37692454001192965,-0.04921020903717432,-0.00885185441122975,0.019540184789938523,0.37692454001192965,poor,5
1743648357.6393592,-0.08515336889325723,-0.10485997837361696,0.3187730488539422,-0.04993269371591942,-0.0025934722424158507,0.017858360841175158,0.3187730488539422,poor,5
1743648357.7397633,-0.09107410832979441,-0.0825955638501941,0.2714071333616447,-0.049862130326270446,0.003710520088346308,0.015044634659306057,0.2714071333616447,poor,5
1743648357.8402805,-0.09555113925745906,-0.05899083951264522,0.2355908859403275,-0.048997435542068354,0.009962495184483503,0.011273283842374365,0.2355908859403275,poor,5
1743648357.9406803,-0.09850311752970882,-0.034475257036220744,0.21197505976232944,-0.04735438878623229,0.016048733990017956,0.006791840591411544,0.21197505976232944,poor,5
1743648358.0410028,-0.09988875789447414,-0.00943102248945092,0.20088993684420686,-0.04496068428768824,0.021875485557647033,0.0018841062442922069,0.20088993684420686,poor,5
1743648358.1413896,-0.09968829184512822,0.01577903279679013,0.20249366523897427,-0.04185113544964776,0.02735840751168161,-0.0031459696529605274,0.20249366523897427,poor,5
1743648358.2416582,-0.09790653645722469,0.040709218560426,0.21674770834220247,-0.038081274786350094,0.032400872066141936,-0.007971397182262951,0.21674770834220247,poor,5
1743648358.3419883,-0.09456992943232602,0.06500856704050255,0.24344056454139185,-0.03370476865768612,0.03693221587898375,-0.01229571119503392,0.24344056454139185,poor,5
1743648358.4424226,-0.08972626848219062,0.08829941662914534,0.28218985214247505,-0.028787855437765894,0.04088103936171747,-0.015845554326575,0.28218985214247505,poor,5
1743648358.542781,-0.08346051780601366,0.11016972301956791,0.33231585755189075,-0.023417202817316213,0.04417730879323318,-0.01838964425951648,0.33231585755189075,poor,5
1743648358.6431444,-0.07586871321813948,0.13029103353068788,0.39305029425488414,-0.017674317625213338,0.04677198409820855,-0.019770026115669505,0.39305029425488414,poor,5
1743648358.743474,-0.06707485007715162,0.14833697431358958,0.463401199382787,-0.011652725933257061,0.048623183547813885,-0.019899360625964625,0.463401199382787,poor,5
1743648358.8437395,-0.05722281001098113,0.16401890152597853,0.542217519912151,-0.005450157552660946,0.04970207020488355,-0.01877124488046178,0.542217519912151,poor,5
1743648358.9441342,-0.046449160089112096,0.17711550499056863,0.6284067192871032,0.0008469376394851695,0.049992826451750294,-0.01645373289114171,0.6284067192871032,poor,5
1743648359.0444465,-0.034946905383459716,0.1873895813978943,0.7204247569323223,0.0071254403693468875,0.049489676696689806,-0.013097371941916671,0.7204247569323223,poor,5
1743648359.1447554,-0.0228904829660812,0.1946897613083908,0.8168761362713504,0.01329066657685901,0.0482012259381726,-0.00891308532980027,0.8168761362713504,poor,5
1743648359.2450292,-0.01047521325288147,0.19889967227028463,0.9161982939769482,0.019242963385189313,0.04614876336540627,-0.004167032965918932,0.9161982939769482,poor,5
1743648359.4521165,0.015466551937075022,0.19759337813983302,1.1237324154966002,0.03046941607110275,0.03964359575374093,0.006112176490843663,1.1237324154966002,good,6
1743648359.5523994,0.02776125761169202,0.19213862262249382,1.2220900608935361,0.035210438447448346,0.035499648228376174,0.010668019599557453,1.2220900608935361,good,7
1743648359.652675,0.03961482145680046,0.18363731560819357,1.3169185716544036,0.03939274298726639,0.03079304791570941,0.014549518941249407,1.3169185716544036,good,8
1743648359.752957,0.050840915535609446,0.17222312629262107,1.4067273242848755,0.04295059172303098,0.025597786440266723,0.017511962834243493,1.4067273242848755,good,9
1743648359.8532603,0.06126277629124177,0.15807431468887367,1.4901022103299342,0.04582778794789326,0.01999534575352298,0.019368142756351642,1.4901022103299342,good,9
1743648359.9534898,0.07070608075548182,0.141430550365885,1.5656486460438546,0.04797656619137498,0.014080095755520118,0.01999999983092501,1.5656486460438546,good,9
1743648360.0537276,0.07902983326549448,0.12254444832840275,1.6322386661239559,0.049365336307150676,0.007941257537815499,0.019369334638011344,1.6322386661239559,good,9
1743648360.1538818,0.08609596129644391,0.1017346636784382,1.6887676903715514,0.04997170612366198,0.0016818403878976953,0.017517887333131105,1.6887676903715514,good,9
1743648360.2540555,0.09180109480067945,0.07931100789667637,1.7344087584054355,0.04978745064928719,-0.004605405285617416,0.014561674709320446,1.7344087584054355,good,9
1743648360.3542368,0.09605370930799317,0.05563038479735858,1.7684296744639454,0.04881518694534907,-0.01082023675760479,0.010687009620034566,1.7684296744639454,good,9
1743648360.454404,0.09878573310548808,0.03107274914205546,1.7902858648439046,0.04707058574180223,-0.016862975950989356,0.006139088607201749,1.7902858648439046,good,9
1743648360.5545547,0.09995457425364952,0.006027631631632863,1.799636594029196,0.04458164580846545,-0.0226379516963999,0.0012049787069953871,1.799636594029196,good,9
1743648360.6547012,0.09954237594758358,-0.019111817360987493,1.7963390075806687,0.04138765331736835,-0.02805462801181524,-0.003804871417577943,1.7963390075806687,good,9
1743648360.7548962,0.09755440030304503,-0.04396084537463981,1.7804352024243602,0.03753703227800442,-0.033029853280934426,-0.008577147814675754,1.7804352024243602,good,9
1743648360.8550246,0.09402478407402394,-0.06809816384699884,1.7521982725921914,0.033095255724359354,-0.03747938164563631,-0.012805830303103137,1.7521982725921914,moderate,9
1743648360.9551852,0.08900669154190943,-0.09116597744253917,1.7120535323352755,0.028128535734925533,-0.0413374585262449,-0.01622876406668951,1.7120535323352755,moderate,9
1743648361.0553162,0.08258249914490835,-0.11278529753440761,1.6606599931592667,0.02271844257918193,-0.04454068215436775,-0.0186281834743869,1.6606599931592667,moderate,9
1743648361.1554544,0.07485192452984156,-0.13262261336859418,1.5988153962387326,0.016948704884327783,-0.04703978531779204,-0.019854115693632737,1.5988153962387326,moderate,9
1743648361.2555847,0.06593837322595099,-0.15036131066621083,1.5275069858076078,0.010911420163411314,-0.04879488610518013,-0.019829160442903546,1.5275069858076078,moderate,9
1743648361.3557708,0.055976416493277205,-0.16573039306742943,1.4478113319462176,0.004698117755946705,-0.049778787546014606,-0.01855398701587394,1.4478113319462176,moderate,9
1743648361.4558978,0.04513502409789234,-0.17846937664129026,1.3610801927831386,-0.0015858392157456992,-0.04997484481198319,-0.01611043923088092,1.3610801927831386,moderate,9
1743648361.556029,0.03357951094570105,-0.1883870106418969,1.2686360875656084,-0.007844989389379714,-0.04938072641710042,-0.012651887371754955,1.2686360875656084,moderate,9
1743648361.6562207,0.02148563647098106,-0.19532913172834052,1.1718850917678485,-0.01398373359696335,-0.04800474137717189,-0.008393541433014991,1.1718850917678485,moderate,9
1743648361.7564895,0.009041955337530575,-0.19918075252066003,1.0723356427002446,-0.01990555372439777,-0.04586686092294866,-0.003601966936775076,1.0723356427002446,moderate,9
1743648361.8567202,-0.0035402988847878293,-0.19987462353992186,0.9716776089216974,-0.025509702043569706,-0.04300296619592997,0.0014152318136315448,0.9716776089216974,moderate,9
1743648361.956888,-0.016058656032213705,-0.19740435219557897,0.8715307517422903,-0.030706570219178005,-0.039460189373274564,0.006340097182341547,0.8715307517422903,moderate,9
1743648362.0570753,-0.02832526547425078,-0.1918090648099116,0.7733978762059938,-0.03541842057197405,-0.03529214479436984,0.010866085362217037,0.7733978762059938,moderate,9
1743648362.157242,-0.04014113593149049,-0.1831795753475764,0.6788709125480761,-0.03956882209704879,-0.030566457397809506,0.014706072467799534,0.6788709125480761,moderate,9
1743648362.2573683,-0.051317474473911134,-0.17165682990920553,0.5894602042087109,-0.04309182739285711,-0.025359306219693997,0.01761798997427632,0.5894602042087109,moderate,9
1743648362.357652,-0.06169802632790264,-0.15739572481158992,0.5064157893767789,-0.045937438539659085,-0.01974213110115128,0.019422011146649584,0.5064157893767789,poor,9
1743648362.4577968,-0.07108778089217745,-0.1406631068592724,0.43129775286258043,-0.0480520698791661,-0.013820223599050017,0.019998856240049795,0.43129775286258043,poor,9
1743648362.5579696,-0.07935532559142022,-0.12170016105625642,0.3651573952686382,-0.049406966281735104,-0.007677999924165853,0.019315111810295015,0.3651573952686382,poor,9
1743648362.658124,-0.08636590445064497,-0.10081528749990376,0.3090727643948402,-0.04997996172118282,-0.0014154244413252064,0.017414006974761982,0.3090727643948402,poor,9
1743648362.758358,-0.09201415672605368,-0.07831717466796746,0.2638867461915706,-0.04976182310670366,0.0048745216275172445,0.014412577568480158,0.2638867461915706,poor,9
1743648362.85858,-0.096204090866666,-0.05458105534041178,0.23036727306667204,-0.04875540422709215,0.011086503445759822,0.010501841615135,0.23036727306667204,poor,9
1743648362.9587212,-0.09886856324986834,-0.03000048005661132,0.20905149400105327,-0.046978412591001294,0.01711808255704042,0.00593220872000698,0.20905149400105327,poor,9
1743648363.0588572,-0.0999694079776144,-0.004946703389243114,0.20024473617908478,-0.044458598566005134,0.022878658473494604,0.0009890380185269853,0.20024473617908478,poor,9
1743648363.159056,-0.09948859299523792,0.020200976593016298,0.20409125603809664,-0.041233511138955306,0.028280692338654812,-0.004019533476737853,0.20409125603809664,poor,9
1743648363.2592,-0.09743409337997672,0.045015439450125525,0.22052725296018627,-0.03735784281596255,0.0332323875178693,-0.008772077061848434,0.22052725296018627,poor,9
1743648363.3593886,-0.0938366466312945,0.06912839500505034,0.249306826949644,-0.032889222872911426,0.03766031092298575,-0.012973553548554907,0.249306826949644,poor,9
1743648363.4595609,-0.08875470178949614,0.09214342972252795,0.2899623856840309,-0.027900810932230666,0.0414915021338577,-0.016356325253768726,0.2899623856840309,poor,9
1743648363.5597153,-0.08226949903606029,0.1136966055492542,0.3418440077115177,-0.022471874776521465,0.044665589037069,-0.01870752556127539,0.3418440077115177,poor,9
1743648363.6598864,-0.07448145343797867,0.1334543081922231,0.40414837249617064,-0.01668646146468295,0.04713344888492302,-0.019879741683433438,0.40414837249617064,poor,9
1743648363.7600565,-0.06551486395685813,0.15110000133308235,0.475881088345135,-0.010637051196027198,0.04885543103743018,-0.019798592062435942,0.475881088345135,poor,9
1743648363.8601832,-0.05551608731142663,0.16634859842667815,0.555871301508587,-0.004422033465254587,0.04980407232377859,-0.01847004662877782,0.555871301508587,poor,9
1743648363.9603267,-0.04463769430423276,0.17896900566524773,0.642898445566138,0.0018639469214360685,0.049965244939598454,-0.015977527529635657,0.642898445566138,poor,9
1743648364.060502,-0.03304953089426838,0.18876152688160586,0.735603752845853,0.008122428177507872,0.04933585066157496,-0.012476959828645806,0.735603752845853,poor,9
1743648364.1606548,-0.02094111240046756,0.1955655369581357,0.8324711007962595,0.014251000687525307,0.04792607828107943,-0.008190719782196224,0.8324711007962595,poor,9
1743648364.2607903,-0.008503581166436769,0.19927557910939137,0.9319713506685059,0.02015315318865395,0.04575861029964358,-0.0033891121228908014,0.9319713506685059,poor,9
1743648364.3609874,0.004076143404219325,0.19983378147798975,1.0326091472337546,0.02573993076475363,0.04286555685192588,0.0016291023006234273,1.0326091472337546,good,10
1743648364.594749,0.032832162980404624,0.18891319778171295,1.262657303843237,0.03704891974935789,0.033576443310833856,0.012404857797437224,1.262657303843237,good,11
1743648364.695046,0.04444525597209195,0.1791604780254309,1.3555620477767356,0.040975717968413095,0.028652932432354436,0.01592566661184526,1.3555620477767356,good,12
1743648364.7953165,0.05535048721343619,0.16656918760965653,1.4428038977074895,0.04425169180647985,0.023276335026466782,0.01843937137788149,1.4428038977074895,good,13
1743648364.8955765,0.06537708794796188,0.15133851289667755,1.523016703583695,0.04682578317941449,0.017531287164223378,0.0197881425351197,1.523016703583695,good,13
1743648364.9957778,0.07436236373209189,0.13371968980185478,1.594898909856735,0.04865671541242676,0.011511908845804518,0.019887424422376045,1.594898909856735,good,13
1743648365.0959857,0.08217064008539976,0.11398220752302873,1.657365120683198,0.04971725572741446,0.005309847731797474,0.018731981901028275,1.657365120683198,good,13
1743648365.1961145,0.0886730680316406,0.09245727674674481,1.7093845442531248,0.04999056403248973,-0.0009713432521743405,0.01639694078196865,1.7093845442531248,good,13
1743648365.2962391,0.09377327899626223,0.06947149476696661,1.7501862319700978,0.04947349940827325,-0.0072369093057455605,0.013029139722140261,1.7501862319700978,good,13
1743648365.3964155,0.0973924218667766,0.045374713791882626,1.7791393749342128,0.04817339469494811,-0.013391192761092869,0.008838306535406557,1.7791393749342128,good,13
1743648365.496556,0.099469751593535,0.020568764466583008,1.79575801274828,0.04611175746273036,-0.019331472362402503,0.004091939784153882,1.79575801274828,good,13
1743648365.5967069,0.09997394695966669,-0.004565053912388709,1.7997915756773335,0.04332054538990221,-0.02496658461066356,-0.0009127729154103354,1.7997915756773335,good,13
1743648365.6968336,0.098897188449647,-0.029620676343055364,1.791177507597176,0.03984499682430057,-0.03020556617697271,-0.005858803220610294,1.791177507597176,good,13
1743648365.7970254,0.09625459414472295,-0.054223725657120504,1.7700367531577836,0.03573661694204914,-0.03496990433983551,-0.010438565412281869,1.7700367531577836,good,13
1743648365.8971524,0.09209136215035163,-0.07795334546490705,1.736730897202813,0.031065680603061696,-0.039178099605118116,-0.014357659536080447,1.736730897202813,moderate,13
1743648365.997284,0.08647182257950825,-0.10045145891977975,1.691774580636066,0.02590333309627897,-0.04276701222324537,-0.017372441467127905,1.691774580636066,moderate,13
1743648366.0974088,0.07948549525132526,-0.12135989526448271,1.635883962010602,0.020331783989860464,-0.045679520135282224,-0.019292702757492737,1.635883962010602,moderate,13
1743648366.1975281,0.0712429902057479,-0.140348656517171,1.5699439216459832,0.014439120369965237,-0.04786973786163504,-0.019997715923285374,1.5699439216459832,moderate,13
1743648366.2976665,0.061872377668782945,-0.1571217220070031,1.4949790213502636,0.00831701830250278,-0.049303419826172645,-0.01944298904797364,1.4949790213502636,moderate,13
1743648366.3978426,0.051519243918919815,-0.1714149060732216,1.4121539513513586,0.0020610241152745445,-0.04995750373663857,-0.01766233271465006,1.4121539513513586,moderate,13
1743648366.4979722,0.04035610616443462,-0.18299054287306635,1.322848849315477,-0.004224677376246636,-0.04982120132099015,-0.014769571550545979,1.322848849315477,moderate,13
1743648366.598138,0.02855051548491975,-0.19167543468629838,1.228404123879358,-0.010445807366645018,-0.04889667788775578,-0.01094486493217977,1.228404123879358,moderate,13
1743648366.6982796,0.016296188536609444,-0.19732647302558548,1.1303695082928755,-0.016500212210286646,-0.04719897241482602,-0.006431338815378237,1.1303695082928755,moderate,13
1743648366.798506,0.003773475622424751,-0.19985755809302752,1.030187804979398,-0.022298436156238437,-0.04475242725245368,-0.0015083152468427555,1.030187804979398,moderate,13
1743648366.898665,-0.008800570759330347,-0.19922399408013103,0.9295954339253573,-0.027739881382722154,-0.041599266590560284,0.0035065697137172066,0.9295954339253573,moderate,13
1743648366.998855,-0.021239221260187586,-0.19543690010088471,0.8300862299184993,-0.03274394537653656,-0.03778669132351217,0.008301855127295735,0.8300862299184993,moderate,13
1743648367.0990539,-0.033342659969766944,-0.18855521235055267,0.7332587202418644,-0.037230014537702215,-0.033375530220844156,0.012573864661863355,0.7332587202418644,moderate,13
1743648367.1992679,-0.04491988869994332,-0.1786863576122666,0.6406408904004535,-0.04112715631243436,-0.028435136955052467,0.016053142592282566,0.6406408904004535,moderate,13
1743648367.2994764,-0.05578510074066082,-0.16598822289975063,0.5537191940747135,-0.04437276410306769,-0.023044691489657824,0.018519339472451705,0.5537191940747135,moderate,13
1743648367.3996713,-0.06576559399120549,-0.15066368702489552,0.4738752480703561,-0.04691537405452351,-0.017290103450359747,0.019816973740194664,0.4738752480703561,poor,13
1743648367.4998648,-0.07470476294027348,-0.13295410326932441,0.4023618964778122,-0.04871519676565275,-0.011261865035762786,0.019864609533343035,0.4023618964778122,poor,13
1743648367.6000419,-0.08246006588797955,-0.11314305164260104,0.3403194728961636,-0.0497436750560803,-0.005056361529310811,0.01865956698643191,0.3403194728961636,poor,13
1743648367.7002723,-0.08891339303037438,-0.09152941690683215,0.288692855757005,-0.04998480662065244,0.0012325206269997737,0.01627638203855632,0.288692855757005,poor,13
1743648367.8005464,-0.09395991775890417,-0.06845535347187882,0.24832065792876667,-0.04943360384808307,0.007504585970644011,0.012864118764748897,0.24832065792876667,poor,13
1743648367.900764,-0.09751494236327878,-0.04430963849486563,0.2198804610937698,-0.048099499546068736,0.013654235365546254,0.00864170368792908,0.2198804610937698,poor,13
1743648368.0009751,-0.0995253287145369,-0.01946370409386447,0.20379737028370482,-0.04600369567775083,0.01958724033622117,0.003874263095888678,0.20379737028370482,poor,13
1743648368.101134,-0.09995970131674548,0.0056773630030261864,0.2003223894660362,-0.04318097717977863,0.025207205513492315,-0.0011350150200984774,0.2003223894660362,poor,13
1743648368.201329,-0.09881194635062143,0.03073755087198154,0.20950442919502854,-0.03967372879133275,0.030430169959955452,-0.006074474455423473,0.20950442919502854,poor,13
1743648368.3014584,-0.09610207302327177,0.055295264196122296,0.23118341581382584,-0.03554126126849735,0.03516843396349076,-0.010627979035233699,0.23118341581382584,poor,13
1743648368.4016535,-0.09186942819795102,0.07899387729644675,0.26504457441639184,-0.030843583536359926,0.039353187350398784,-0.014514244676727336,0.26504457441639184,poor,13
1743648368.501795,-0.08618571316783563,0.10143022913809406,0.31051429465731495,-0.025660478921269388,0.042913166062772505,-0.017483673270087235,0.31051429465731495,poor,13
1743648368.6019564,-0.07913743290158122,0.12226637663311579,0.36690053678735024,-0.02007040968596959,0.045794963205983016,-0.019351694353845317,0.36690053678735024,poor,13
1743648368.702096,-0.07083900796129704,0.14116422990346095,0.4332879363096237,-0.014164104805945208,0.04795183140450634,-0.01999986801196327,0.4332879363096237,poor,13
1743648368.8022597,-0.061417903938807,0.15783334344508423,0.508656768489544,-0.008032306819562114,0.04935060331096689,-0.019387586252101827,0.508656768489544,poor,13
1743648368.9023771,-0.051030032010598525,0.17199925387044318,0.5917597439152118,-0.001776324381014827,0.04996843675454949,-0.017554254861615555,0.5917597439152118,poor,13
1743648369.0025182,-0.03983277643208185,0.1834486295583784,0.6813377885433451,0.004509214513820694,0.04979625472330574,-0.014614536495941376,0.6813377885433451,poor,13
1743648369.102701,-0.02800052984257305,0.19199969092199265,0.7759957612594156,0.010726000451262664,0.04883597971085984,-0.010752186150852112,0.7759957612594156,poor,13
1743648369.202828,-0.015732008154848057,0.19750953313109518,0.8741439347612155,0.016769710565104096,0.047103893762221356,-0.006214443171757244,0.8741439347612155,poor,13
1743648369.3029494,-0.003215442377919764,0.19989658256522824,0.9742764609766419,0.022547973610555674,0.04462722135712334,-0.001285511885563144,0.9742764609766419,poor,13
1743648369.403116,0.009357593695162291,0.19912242907554398,1.0748607495612983,0.027972124975994835,0.04144345816081624,0.003726613573765421,1.0748607495612983,good,14
1743648369.5033607,0.021792154555907592,0.19519325807836127,1.1743372364472608,0.03295736563367406,0.037600692154378224,0.008507363296629614,1.1743372364472608,good,15
1743648369.7498412,0.05050335288744545,0.1726199449325153,1.4040268230995636,0.042850033423783726,0.02576576479712213,0.017435771988676445,1.4040268230995636,good,16
1743648369.8501408,0.06095247756595948,0.15855340398201745,1.4876198205276758,0.045749053483352224,0.020174838422584166,0.01932844559844086,1.4876198205276758,good,16
1743648369.9503393,0.07042556640323513,0.1419892896916316,1.563404531225881,0.047920447414975496,0.01426992359995556,0.01999935229945238,1.563404531225881,good,16
1743648370.0505307,0.078783040417648,0.12317844848107551,1.630264323341184,0.049333034723483576,0.008139513804372096,0.019408745370535486,1.630264323341184,good,16
1743648370.1507375,0.08589430280814847,0.10241423231371892,1.6871544224651878,0.04996467077701636,0.001879274898562767,0.017593598164437275,1.6871544224651878,good,16
1743648370.2508607,0.09164114984696665,0.08004747728006933,1.7331291987757331,0.049805538755866505,-0.00440548626576907,0.014671285720588985,1.7331291987757331,good,16
1743648370.3509924,0.09593950784524263,0.05641314862379614,1.767516062761941,0.04885889558149537,-0.010621126237670463,0.010824499429935056,1.767516062761941,good,16
1743648370.4511583,0.09872154129464435,0.03187834904193331,1.7897723303571547,0.04713897522637052,-0.01667084324824713,0.0062941595026966115,1.7897723303571547,good,16
1743648370.5513067,0.09994144075221251,0.006843513826098398,1.7995315260177,0.0446736716326764,-0.022455802431794864,0.00136790126317592,1.7995315260177,good,16
1743648370.651454,0.09958054118817691,-0.018299269566821843,1.7966443295054153,0.04150178893314077,-0.02788550726361338,-0.0036445023336249094,1.7966443295054153,good,16
1743648370.7516024,0.0976445425111082,-0.04315290570964531,1.7811563400888657,0.0376734226202101,-0.03287420307899558,-0.008427291472086611,1.7811563400888657,good,16
1743648370.8517191,0.09416540331369172,-0.06731647105336928,1.7533232265095338,0.03325064909281094,-0.03734158988188307,-0.012677765292789947,1.7533232265095338,moderate,16
1743648370.951855,0.08919667143971771,-0.09042021464418333,1.7135733715177417,0.02830128169045685,-0.04121938202687435,-0.016130364354251945,1.7135733715177417,moderate,16
1743648371.051996,0.08281706715289752,-0.11209519861604177,1.6625365372231802,0.022904081737283186,-0.0444455064069682,-0.018566791182604233,1.6625365372231802,moderate,16
1743648371.1521544,0.07512626262817246,-0.1320006767183087,1.6010101010253797,0.017143625128291668,-0.046969097473345246,-0.019833435012472294,1.6010101010253797,moderate,16
1743648371.2522686,0.06625109371268954,-0.14981044799175297,1.5300087497015165,0.011114663594964845,-0.0487489923297986,-0.019850212058083256,1.5300087497015165,moderate,16
1743648371.3523984,0.05632708897587099,-0.16525445891115087,1.450616711806968,0.004909033531079753,-0.04975843033889569,-0.018616605221495622,1.450616711806968,moderate,16
1743648371.452558,0.045509132382904695,-0.17808895383774093,1.3640730590632375,-0.0013760876602806856,-0.04998106024036728,-0.01620934755226951,1.3640730590632375,moderate,16
1743648371.552686,0.033974926973149834,-0.18810320929924762,1.2717994157851986,-0.007637468881300149,-0.04941324791072908,-0.01278158559871411,1.2717994157851986,moderate,16
1743648371.6559165,0.021522971748510797,-0.19531268967594306,1.1721837739880865,-0.013965380517755028,-0.04801008380532478,-0.008407419004041957,1.1721837739880865,moderate,16
1743648371.7561677,0.009082235676355879,-0.19917342187268994,1.072657885410847,-0.01988700043796486,-0.04587490832231042,-0.003617879915828049,1.072657885410847,moderate,16
1743648371.856401,-0.003500206556864799,-0.19987744799310683,0.9719983475450816,-0.02549244840839165,-0.043013196511599676,0.0013992247080697507,0.9719983475450816,moderate,16
1743648371.956591,-0.016021808542359236,-0.19741632810922186,0.8718255316611261,-0.03069183725161728,-0.03947164965035333,0.006325933224203049,0.8718255316611261,moderate,16
1743648372.0567234,-0.02828285200521032,-0.19183409793309814,0.7737371839583175,-0.035402810291206115,-0.035307804002583765,0.010851230802789673,0.7737371839583175,moderate,16
1743648372.1568885,-0.0401004372413962,-0.18321522789384997,0.6791965020688304,-0.0395552370519895,-0.030584035406743128,0.014694021495650867,0.6791965020688304,moderate,16
1743648372.2570062,-0.05127840856851077,-0.17170352139290423,0.5897727314519139,-0.043080281886615314,-0.025378914724033502,0.017609366645274748,0.5897727314519139,moderate,16
1743648372.3571317,-0.061646565248713564,-0.15747636004221208,0.5068274780102915,-0.04592452251402076,-0.019772157997021995,0.01941575340894427,0.5068274780102915,poor,16
1743648372.4572964,-0.07104353727931768,-0.1407524892972369,0.43165170176545853,-0.048043369223471445,-0.013850439475236762,0.01999910944109003,0.43165170176545853,poor,16
1743648372.5574446,-0.0793151636049653,-0.12180484099275513,0.36547869116027765,-0.04940189011098748,-0.0077105935868724,0.01932194178243431,0.36547869116027765,poor,16
1743648372.6575944,-0.08633234287181146,-0.10093020507784548,0.3093412570255083,-0.04997900879844086,-0.0014486819959436171,0.017427082141805602,0.3093412570255083,poor,16
1743648372.7578225,-0.09198778552483172,-0.07844099219764011,0.2640977158013462,-0.04976509197500241,0.004841035087618244,0.014431226333263034,0.2640977158013462,poor,16
1743648372.8580399,-0.09618554098491111,-0.05471166988641399,0.2305156721207111,-0.048762919687982215,0.011053400540258941,0.0105249431324252,0.2305156721207111,poor,16
1743648372.9581802,-0.0988583431648015,-0.03013489583259556,0.20913325468158805,-0.046990038695732976,0.01708614243688486,0.0059581717469085575,0.20913325468158805,poor,16
1743648373.0583193,-0.09996771337814699,-0.0050818429509981305,0.20025829297482411,-0.04447405232982943,0.022848603225658987,0.0010160404391162756,0.20025829297482411,poor,16
1743648373.158593,-0.09949445296363428,0.020085201464478,0.20404437629092576,-0.041249958830333354,0.028256696489430667,-0.003996732264745249,0.20404437629092576,poor,16
1743648373.258713,-0.09744785197347478,0.04489615332100283,0.2204171842122018,-0.037378177171003245,0.03320951477172005,-0.008750067406007022,0.2204171842122018,poor,16
1743648373.3588414,-0.09386039061312265,0.06899933547367074,0.24911687509501879,-0.03291511013394846,0.03763768756007791,-0.012952609159209247,0.24911687509501879,poor,16
1743648373.459026,-0.08878564264856985,0.09202411987040043,0.2897148588114412,-0.02792868755894641,0.04147274299144864,-0.016340841243725056,0.2897148588114412,poor,16
1743648373.5591652,-0.0823087723691982,0.11358285066110144,0.3415298210464144,-0.02250274182230641,0.044650046029972044,-0.018697730000218456,0.3415298210464144,poor,16
1743648373.6593323,-0.07452789639372086,0.13335055544131508,0.40377682885023314,-0.01671927565834538,0.047121818953222296,-0.019876672759950916,0.40377682885023314,poor,16
1743648373.7594838,-0.06556921674947655,0.15100566631567391,0.4754462660041876,-0.010672207381655752,0.04884776340430474,-0.019802646530103104,0.4754462660041876,poor,16
1743648373.8596003,-0.05557700055820639,0.16626721876489214,0.5553839955343489,-0.004458515538881403,0.049800819663832374,-0.01848126662021567,0.5553839955343489,poor,16
1743648373.9597433,-0.04470328651954736,0.1789035066660378,0.6423737078436211,0.0018273151560145807,0.049966598036294205,-0.01599514943568727,0.6423737078436211,poor,16
1743648374.0599432,-0.03311580404428976,0.18871506058076237,0.7350735676456819,0.008087778814290512,0.04934154267806301,-0.012498901932797596,0.7350735676456819,poor,16
1743648374.1600945,-0.021009953432322707,0.19553600033519794,0.8319203725414184,0.014217253690135876,0.04793610014916022,-0.00821640452277029,0.8319203725414184,poor,16
1743648374.2602227,-0.008574656708688932,0.1992633961602395,0.9314027463304886,0.020120505656185523,0.04577297512877448,-0.003417230433363075,0.9314027463304886,poor,16
1743648374.360357,0.003996992242561152,0.19984017667138815,1.0319759379404891,0.02570596642990122,0.04288593347363203,0.0015975192718151769,1.0319759379404891,good,17
1743648374.4605963,0.016518438641760474,0.1972525405143203,1.1321475091340838,0.03089012322011389,0.039316666789622194,0.006516607974834344,1.1321475091340838,good,18
1743648374.5608597,0.028781030887106568,0.19153748730810288,1.2302482470968525,0.035585856163772196,0.035123309085154784,0.011025292676506582,1.2302482470968525,good,19
1743648374.661164,0.04059204799893812,0.18278168003661532,1.324736383991505,0.03971898808727639,0.030371071520820532,0.014838965458745674,1.324736383991505,good,20
1743648374.954587,0.07080351468278563,0.14123543901676464,1.566428117462285,0.04799593400823418,0.014013933019578408,0.019999930960306337,1.566428117462285,good,20
1743648375.054827,0.07911440427044869,0.12232597495106282,1.6329152341635895,0.049376259897594886,0.00787305268146755,0.019355493270110324,1.6329152341635895,good,20
1743648375.155036,0.08616964822451288,0.10148481117613031,1.6893571857961032,0.049974092887595634,0.0016093601405413984,0.017489820958356522,1.6893571857961032,good,20
1743648375.255181,0.09185709320916038,0.07905123470670457,1.734856745673283,0.04978088678729614,-0.004675821924582361,0.014522833269505948,1.734856745673283,good,20
1743648375.3553863,0.09609378532413602,0.055352847156360824,1.7687502825930883,0.048799507293553,-0.010890734038918944,0.0106381292234461,1.7687502825930883,good,20
1743648375.455558,0.09880815839629883,0.0307862199259293,1.7904652671703907,0.047046083407940864,-0.01693121484043812,0.0060838593897290264,1.7904652671703907,good,20
1743648375.5556905,0.09995877411935478,0.0057422910256479005,1.7996701929548382,0.044549288779490555,-0.02270156094284173,0.0011479847431206732,1.7996701929548382,good,20
1743648375.6558328,0.09952868750396557,-0.019394882184532048,1.7962295000317245,0.04134771982128713,-0.028113449905344957,-0.0038606943362410385,1.7962295000317245,good,20
1743648375.7560253,0.0975231133768871,-0.04423764719235529,1.7801849070150968,0.03749012738246252,-0.03308308251730383,-0.008628386165333592,1.7801849070150968,good,20
1743648375.8561573,0.09397622247745463,-0.06836576947180374,1.751809779819637,0.03304187307649455,-0.037526452318289084,-0.012849513523449207,1.751809779819637,moderate,20
1743648375.956282,0.08894378520162102,-0.09141122631291854,1.7115502816129682,0.028071538338347385,-0.041376185606199774,-0.016260920956385986,1.7115502816129682,moderate,20
1743648376.0564058,0.08250520907551219,-0.11301133527936075,1.6600416726040974,0.022657436303722484,-0.04457174643361822,-0.01864804769025293,1.6600416726040974,moderate,20
1743648376.156548,0.07476072284165323,-0.1328282247143808,1.598085782733226,0.016884042546194047,-0.04706303334144868,-0.01986066818684131,1.598085782733226,moderate,20
1743648376.2566621,0.06583652439333477,-0.1505397230740888,1.526692195146678,0.010845345917499728,-0.048809614543958164,-0.019822024300666218,1.526692195146678,moderate,20
1743648376.3567846,0.0558708072116637,-0.16587287784947977,1.4469664576933097,0.0046346996131434665,-0.04978473219267056,-0.01853490315994425,1.4469664576933097,moderate,20
1743648376.4569468,0.0450173499704909,-0.17858822135442576,1.3601387997639272,-0.0016517178944935994,-0.049972710832983734,-0.01607913692263936,1.3601387997639272,moderate,20
1743648376.5570996,0.033452768742374996,-0.1884771844385328,1.267622149939,-0.00791141066838201,-0.04937012843042047,-0.012610167328472395,1.267622149939,moderate,20
1743648376.6573,0.021353152867397043,-0.19538723461497248,1.1708252229391762,-0.01404883024901371,-0.04798573088569557,-0.008344266978142955,1.1708252229391762,moderate,20
1743648376.7575858,0.008904752428171923,-0.19920547566965088,1.0712380194253754,-0.01996872039199989,-0.04583939578469734,-0.003547750886348933,1.0712380194253754,moderate,20
1743648376.8578107,-0.0036772492216927675,-0.19986473263846788,0.9705820062264578,-0.02556860916963688,-0.04296796743075429,0.0014699048650772782,0.9705820062264578,moderate,20
1743648376.9579523,-0.01619064981943907,-0.19736122069367426,0.8704748014444874,-0.030759318356268557,-0.039419085913523166,0.006390812824376622,0.8704748014444874,moderate,20
1743648377.0580897,-0.028447503624989143,-0.19173668962935841,0.7724199710000869,-0.03546338297923734,-0.035246963949650184,0.010908860346549183,0.7724199710000869,moderate,20
1743648377.1582968,-0.040262498802505375,-0.18307300391022435,0.677900009579957,-0.039609301799492534,-0.030513983859154117,0.014741953201412937,0.677900009579957,moderate,20
1743648377.2584128,-0.05143008622977111,-0.1715219662946797,0.5885593101618312,-0.043125076184202346,-0.02530272325475548,0.01764277903367054,0.5885593101618312,moderate,20
1743648377.3585448,-0.06178628828859134,-0.15725717254890578,0.5057096936912693,-0.04595956074515787,-0.01969057581972005,0.019432673997110888,0.5057096936912693,poor,20
1743648377.4587424,-0.07117130116458029,-0.14049406949107301,0.4306295906833577,-0.04806845763865532,-0.013763116661599559,0.019998291463173258,0.4306295906833577,poor,20
1743648377.5588777,-0.0794247158818844,-0.1215189615999403,0.36460227294492475,-0.049415696224438255,-0.007621611814704242,0.019303217998673756,0.36460227294492475,poor,20
1743648377.6590304,-0.08642326778228215,-0.10061846323278752,0.30861385774174277,-0.04998154160588303,-0.0013584913320975416,0.01739155278361781,0.30861385774174277,poor,20
1743648377.7592542,-0.09205819945064625,-0.07810986913073245,0.26353440439483,-0.049756301778032815,0.0049305611621121275,0.014381307823001685,0.26353440439483,poor,20
1743648377.8594723,-0.09623462647195163,-0.054365307607110815,0.23012298822438693,-0.04874294424113977,0.011141157332393235,0.01046365014120612,0.23012298822438693,poor,20
1743648377.9596083,-0.09888522456235578,-0.029780017679811355,0.20891820350115375,-0.04695929960621506,0.017170444970755133,0.005889607471478142,0.20891820350115375,poor,20
1743648378.0597413,-0.09997209402632674,-0.004724580824278874,0.20022324778938605,-0.04443315437317427,0.022928035076073668,0.0009446524767995758,0.20022324778938605,poor,20
1743648378.1599672,-0.09947696177588644,0.020428810620183535,0.20418430579290847,-0.041201100098520356,0.02832788997916551,-0.00406439202638164,0.20418430579290847,poor,20
1743648378.260102,-0.09740852037166892,0.04523627566465491,0.22073183702664867,-0.03732015297261604,0.03327470784395467,-0.008812797359237937,0.22073183702664867,poor,20
1743648378.3603141,-0.09379638262500159,0.06934662519443326,0.24962893899998728,-0.032845399096493026,0.0376985378787042,-0.013008925180979274,0.24962893899998728,poor,20
1743648378.4605234,-0.08869891278002325,0.09235806129714569,0.29040869775981404,-0.027850606236735742,0.04152521802767924,-0.016384119247055132,0.29040869775981404,poor,20
1743648378.560682,-0.0822003732903203,0.11389642015326028,0.3423970136774376,-0.022417593945965274,0.044692857166149284,-0.01872465650605831,0.3423970136774376,poor,20
1743648378.6608417,-0.0744012925191066,0.13363304488765246,0.4047896598471472,-0.016629864818290693,0.04715344734084007,-0.019884942525810263,0.4047896598471472,poor,20
1743648378.7609854,-0.06542663258611407,0.1512528445807435,0.4765869393110874,-0.010580016800755878,0.048867813993422334,-0.019791928579977837,0.4765869393110874,poor,20
1743648378.8611166,-0.05541848934921201,0.16647871982029747,0.5566520852063039,-0.004363612450591825,0.04980922491247018,-0.01845199832246321,0.5566520852063039,poor,20
1743648378.9612503,-0.0445338020873344,0.17907250455216325,0.6437295833013248,0.0019219389227702402,0.04996304785315985,-0.01594955895401865,0.6437295833013248,poor,20
1743648379.0614083,-0.03294202858195864,0.18883667814177862,0.7364637713443309,0.008178606613177111,0.04932656884344274,-0.012441326497337188,0.7364637713443309,poor,20
1743648379.161573,-0.020828278561864384,0.1956137297037136,0.833373771505085,0.014306287400351331,0.04790960384743907,-0.008148594505588384,0.833373771505085,poor,20
1743648379.2616892,-0.008391033567678,0.19929466180172617,0.932871731458576,0.020204825276193276,0.04573581786257355,-0.0033445763940746372,0.932871731458576,poor,20
1743648379.3618143,0.004179958061984504,0.19982520312112836,1.033439664495876,0.02578445556057565,0.04283878909872103,0.001670521937547703,1.033439664495876,good,21
1743648379.4620872,0.016703179349734743,0.1971903019888209,1.133625434797878,0.030963726147356263,0.039258727221746836,0.006587409960295262,1.133625434797878,good,22
1743648379.5623784,0.028963751841658628,0.1914272820603669,1.231710014733269,0.03565282372291242,0.03505532998821911,0.011088904586639315,1.231710014733269,good,23
1743648379.6626766,0.04076568096511247,0.1826270435116406,1.3261254477208997,0.03977664254409988,0.030295522902219457,0.014889831582794506,1.3261254477208997,good,24
1743648379.762968,0.051920159537280124,0.17093036048196214,1.415361276298241,0.0432692083447104,0.02505545068886298,0.01774946317197655,1.415361276298241,good,25
1743648379.8632743,0.06225250576403906,0.15651997349984806,1.4980200461123125,0.046075774895620356,0.01941707928005964,0.019487521104973062,1.4980200461123125,good,25
1743648380.1792173,0.08767154991142563,0.09620185728203808,1.701372399291405,0.049999918498625735,9.027807477049706e-05,0.016868331864548093,1.701372399291405,good,25
1743648380.2794518,0.09301969950530924,0.07341213806835965,1.744157596042474,0.049615146557448316,-0.006191706718096793,0.013657550046322171,1.744157596042474,good,25
1743648380.3796487,0.09689282279311208,0.049468409765529374,1.7751425823448965,0.04844483057671769,-0.012373293433565679,0.009586267722536984,1.7751425823448965,good,25
1743648380.4797854,0.09923094053255152,0.024756448939637975,1.7938475242604122,0.04650888997237724,-0.018355466584571153,0.004913211425052727,1.7938475242604122,good,25
1743648380.5800087,0.09999983002510407,-0.00036875439140770974,1.7999986402008326,0.04383485594283799,-0.024052139290937122,-7.375075292356334e-05,1.7999986402008326,good,25
1743648380.680179,0.0991854681127628,-0.025474922198280715,1.7934837449021024,0.040468386530394404,-0.029365110107516936,-0.0050534841667453706,1.7934837449021024,good,25
1743648380.7803974,0.09680005354503679,-0.05018962576780235,1.7744004283602943,0.03645947239907131,-0.03421559399427924,-0.00971671692345725,1.7744004283602943,good,25
1743648380.8805325,0.0928852548787258,-0.074089929845132,1.7430820390298063,0.031877088838868715,-0.038520789285253126,-0.013763724035223999,1.7430820390298063,moderate,25
1743648380.980664,0.08750186267633674,-0.0968178501759156,1.700014901410694,0.026790816917067247,-0.04221672806976144,-0.016943484461422218,1.700014901410694,moderate,25
1743648381.0807848,0.08073568217247953,-0.1180127048100224,1.6458854573798363,0.02128153725702479,-0.045244846910757315,-0.01905567245571323,1.6458854573798363,moderate,25
1743648381.1809406,0.07269015372065339,-0.1373483389352457,1.5815212297652272,0.015433730320582303,-0.04755838483791831,-0.01996774374095882,1.5815212297652272,moderate,25
1743648381.2810662,0.06349762680467214,-0.15450632854578591,1.507981014437377,0.00934363505739615,-0.049119206873830916,-0.019621570377920748,1.507981014437377,moderate,25
1743648381.38124,0.0532960708254282,-0.16922799809217082,1.4263685666034256,0.0031027951537725106,-0.04990363375781093,-0.018038374743931527,1.4263685666034256,moderate,25
1743648381.4813576,0.042257466481362096,-0.1812656230682096,1.3380597318508967,-0.0031836343956205566,-0.049898541782651545,-0.015319651982056164,1.3380597318508967,moderate,25
1743648381.5814884,0.03054930019968965,-0.19043886428257487,1.2443944015975172,-0.009420547203360684,-0.04910451395125762,-0.01163554806931267,1.2443944015975172,moderate,25
1743648381.6816635,0.018352615757363633,-0.19660296533737806,1.146820926058909,-0.01551115286014558,-0.04753318984614011,-0.007216357359190361,1.146820926058909,moderate,25
1743648381.7819538,0.005851040120486016,-0.19965735978929966,1.046808320963888,-0.021362823923989797,-0.04520652335661978,-0.0023364064449550074,1.046808320963888,moderate,25
1743648381.8821833,-0.006735723151142846,-0.19954578455714025,0.9461142147908572,-0.02687241289895842,-0.04216483635670715,0.002688170321508985,0.9461142147908572,moderate,25
1743648381.982327,-0.019205187637653002,-0.19627695501818385,0.846358498898776,-0.031952115103114846,-0.03845857954263652,0.007539071500142797,0.846358498898776,moderate,25
1743648382.0824506,-0.0313685154204645,-0.18990541056342847,0.7490518766362839,-0.03652560699850045,-0.03414498547943893,0.011914101599377096,0.7490518766362839,moderate,25
1743648382.1825986,-0.04303867898379257,-0.18052891304530755,0.6556905681296594,-0.04052253992408149,-0.029290335575087256,0.015539451871699987,0.6556905681296594,moderate,25
1743648382.2827358,-0.05402695494216323,-0.16829840331598472,0.5677843604626942,-0.043878194928638,-0.023972984999879484,0.018185300505581443,0.5677843604626942,moderate,25
1743648382.3829257,-0.06416593506357811,-0.15339795014819044,0.48667251949137513,-0.046541176557237315,-0.018273447530996013,0.019685845816189557,0.48667251949137513,poor,25
1743648382.4830468,-0.07328324655400918,-0.13608182500987118,0.41373402756792654,-0.04846632518965571,-0.012288829179809807,0.01994503586743585,0.41373402756792654,poor,25
1743648382.5832021,-0.08124455761863741,-0.11660740726646668,0.3500435390509007,-0.04962554576579827,-0.006107798903587253,0.01894743443684074,0.3500435390509007,poor,25
1743648382.6834044,-0.0879234265466049,-0.09527793163799844,0.2966125876271608,-0.04999970138263522,0.0001728052293939476,0.016754324447771994,0.2966125876271608,poor,25
1743648382.783616,-0.09321050465731047,-0.07243760961074028,0.25431596274151624,-0.04958206673683606,0.006451252444598288,0.013503892295972689,0.25431596274151624,poor,25
1743648382.883838,-0.0970216895864619,-0.04844756958974227,0.2238264833083048,-0.048379021989266566,0.012628152333657614,0.009400930115908972,0.2238264833083048,poor,25
1743648382.9839928,-0.09929499869822445,-0.023706811976274562,0.20564001041420443,-0.04641119244532301,0.018601107918701842,0.004707935728646468,0.20564001041420443,poor,25
1743648383.0841246,-0.0999975388921048,0.0014031614618245114,0.20001968886316157,-0.043709870321936795,0.02427853447882449,-0.0002806253857013984,0.20001968886316157,poor,25
1743648383.184323,-0.09911779395299221,0.026507577927240535,0.20705764837606233,-0.04031492131687945,0.02957544791231096,-0.0052547452943702225,0.20705764837606233,poor,25
1743648383.2844536,-0.0966708835628142,0.05117578611745288,0.22663293149748642,-0.036284596122916866,0.034400989581650214,-0.009894416921991542,0.22663293149748642,poor,25
1743648383.3846464,-0.09269250335002138,0.07504931239408594,0.25845997319982894,-0.031677523024869425,0.038685068631306156,-0.013913017281011223,0.25845997319982894,poor,25
1743648383.4847722,-0.08725078647032475,0.09772001351432158,0.301993708237402,-0.026572516830910328,0.04235447260055292,-0.017052296066030637,0.301993708237402,poor,25
1743648383.5849907,-0.08042268715840084,0.118864484018095,0.3566185027327933,-0.021042106597467223,0.045356694654051094,-0.019118802424863978,0.3566185027327933,poor,25
1743648383.6851783,-0.07232342176682424,0.13812056565100006,0.42141262586540607,-0.015180255234516807,0.04763989768056734,-0.019978703848499226,0.42141262586540607,poor,25
1743648383.785375,-0.06307838968036265,0.1551917105432158,0.49537288255709877,-0.009077530054283758,0.04916908020406295,-0.019578486385614022,0.49537288255709877,poor,25
1743648383.885496,-0.05284277308332957,0.16979565757537785,0.5772578153333634,-0.002835854443497412,0.04991951451662262,-0.01794494680758084,0.5772578153333634,poor,25
1743648383.985647,-0.04176832555592946,0.18171854038874394,0.6658533955525643,0.0034525502014389462,0.04988065654245685,-0.015180158309010745,0.6658533955525643,poor,25
1743648384.0858188,-0.030030691337789683,0.19076852547288198,0.7597544692976825,0.009687620248613266,0.049052523012773346,-0.011457821410882774,0.7597544692976825,poor,25
1743648384.1859698,-0.01782039344603998,0.19679871521357384,0.8574368524316802,0.015768149242335616,0.04744855603146877,-0.0070140610695621185,0.8574368524316802,poor,25
1743648384.2861133,-0.005329166076598151,0.19971579796228478,0.9573666713872148,0.021598821892339005,0.04509424456472264,-0.0021286373109226757,0.9573666713872148,poor,25
1743648384.3862884,0.007250320646549522,0.19947363585719513,1.058002565172396,0.027089566310806404,0.042025651655773565,0.0028924956409954452,1.058002565172396,good,26
1743648384.4865253,0.01972267256528474,0.19607158067279984,1.1577813805222779,0.0321545675508424,0.038289473561519655,0.007734111169934886,1.1577813805222779,good,27
1743648384.5868232,0.03188978225264795,0.18955782007481203,1.2551182580211835,0.0367126734002038,0.03394377132567871,0.012089915212944745,1.2551182580211835,good,28
1743648384.687125,0.043551405370628654,0.18003638621393375,1.3484112429650292,0.040688487306783594,0.02905937027338533,0.015681675274932177,1.3484112429650292,good,29
1743648384.7874134,0.05452064463837375,0.167660362736291,1.43616515710699,0.04401834842568492,0.023714657953995515,0.01828190211337232,1.43616515710699,good,30
1743648384.8877494,0.06462967350232701,0.1526172375976267,1.517037388018616,0.04665108755703719,0.01799099857555578,0.019727204473523358,1.517037388018616,good,30
1743648384.9880261,0.07370755905177305,0.1351620618166117,1.5896604724141845,0.04854227032299137,0.011985324021053068,0.01992493130581461,1.5896604724141845,good,30
1743648385.0882747,0.08161455616492354,0.1155692731136186,1.6529164493193882,0.04966347089552786,0.005791343420058673,0.018864269862941624,1.6529164493193882,good,30
1743648385.4367936,0.09841775144178017,0.03543705411819553,1.7873420115342413,0.04743220841217422,-0.01581725656187156,0.006975270368066959,1.7873420115342413,good,30
1743648385.537043,0.09986405773924474,0.010424964623977111,1.7989124619139578,0.045068976385732255,-0.021651498043837723,0.0020821585382768677,1.7989124619139578,good,30
1743648385.637268,0.0997278166313171,-0.014746198147372365,1.7978225330505369,0.04199227040823022,-0.027141282688223724,-0.0029412122897004385,1.7978225330505369,good,30
1743648385.7374475,0.09801286840770815,-0.0396725409568526,1.7841029472616652,0.03825218474872116,-0.03219891864565803,-0.007776839072406813,1.7841029472616652,good,30
1743648385.8376472,0.0947458393741805,-0.06397580546681657,1.7579667149934441,0.03390573947483196,-0.03674780035137915,-0.012122882777185642,1.7579667149934441,moderate,30
1743648385.9377806,0.08998227988091498,-0.08725111592255275,1.7198582390473198,0.029025836540068052,-0.04071241595814784,-0.015702108665730595,1.7198582390473198,moderate,30
1743648386.0379128,0.083795943677845,-0.10914650380363869,1.67036754942276,0.023687024121206008,-0.04403322482264279,-0.018292068570726804,1.67036754942276,moderate,30
1743648386.1380389,0.07628510656770437,-0.1293148485821174,1.610280852541635,0.017974029395132405,-0.046657628179140404,-0.019729594009746762,1.610280852541635,moderate,30
1743648386.2381597,0.06756866336565756,-0.14743779340424823,1.5405493069252605,0.011977179471609237,-0.04854428052721415,-0.019924349259814032,1.5405493069252605,moderate,30
1743648386.338304,0.05778162889944365,-0.1632333711191064,1.4622530311955493,0.005789513243146943,-0.04966368428144882,-0.018863780148018733,1.4622530311955493,moderate,30
1743648386.438479,0.04707733039455598,-0.1764508425927382,1.3766186431564478,-0.0004916379544902622,-0.049997582862791524,-0.01661366923027225,1.3766186431564478,moderate,30
1743648386.5386155,0.035632505402229224,-0.18687241164773472,1.2850600432178338,-0.0067626189623899565,-0.049540558987253305,-0.01331746443513102,1.2850600432178338,moderate,30
1743648386.6387794,0.023620853220892718,-0.19434047744221525,1.1889668257671417,-0.012928322575769256,-0.04829967365704302,-0.009180975785081556,1.1889668257671417,moderate,30
1743648386.7389314,0.011236953851735364,-0.19873329734228204,1.089895630813883,-0.01888877715470329,-0.04629486037995967,-0.004466313782076851,1.089895630813883,moderate,30
1743648386.8391623,-0.0013346135438926168,-0.19998218727365155,0.9893230916488591,-0.024554758747720683,-0.04355529615145826,0.00053379787134537,0.9893230916488591,moderate,30
1743648386.9393036,-0.013873879953515461,-0.19806580174311206,0.8890089603718763,-0.029827188476423988,-0.040129027244525634,0.00549588231256146,0.8890089603718763,moderate,30
1743648387.0394452,-0.02619375801334757,-0.19301696341138716,0.7904499358932194,-0.03462790804225803,-0.03606810203790771,0.010111679264138074,0.7904499358932194,moderate,30
1743648387.1396003,-0.03810095526591032,-0.1849142201976376,0.6951923578727175,-0.0388815168698212,-0.031436088272903964,0.014090816863561761,0.6951923578727175,moderate,30
1743648387.2397246,-0.04940205430329973,-0.17389004607065725,0.6047835655736021,-0.042519022937902176,-0.026308414783223807,0.017181050997571803,0.6047835655736021,moderate,30
1743648387.3398633,-0.059923556169210135,-0.16011455169391092,0.5206115506463189,-0.045484685266334486,-0.020763993022116307,0.01918926666387594,0.5206115506463189,poor,30
1743648387.4400334,-0.06950025214445936,-0.1438014596846162,0.4439979828443251,-0.04773162772982269,-0.014889315439657467,0.019988475413644263,0.4439979828443251,poor,30
1743648387.5401688,-0.07797442117691511,-0.1252196413047898,0.3762046305846791,-0.04922286964327153,-0.008781178968765997,0.019527858101443828,0.3762046305846791,poor,30
1743648387.6403859,-0.08522093803546318,-0.10464017814120437,0.31823249571629453,-0.0499359980051779,-0.0025290518434521046,0.01783506827478281,0.31823249571629453,poor,30
1743648387.7406037,-0.09111767252414693,-0.08240314930346582,0.27105861980682455,-0.049858183802988607,0.003763177894732666,0.015016766346383168,0.27105861980682455,poor,30
1743648387.8408256,-0.09557131821240666,-0.058859940032008506,0.2354294543007467,-0.04899060075305613,0.009996051113047435,0.011250644117524515,0.2354294543007467,poor,30
1743648387.9409635,-0.09850924670466114,-0.03440513413316151,0.21192602636271085,-0.04734867353711884,0.016065587890747794,0.006778447692461128,0.21192602636271085,poor,30
1743648388.0411348,-0.09988953920620984,-0.009397862984970161,0.20088368635032128,-0.044957052742141686,0.021882947898770197,0.0018774964061835297,0.20088368635032128,poor,30
1743648388.1413443,-0.09968874079486967,0.015767683245586576,0.20249007364104266,-0.04185269276105457,0.02735602508861203,-0.003143720976009779,0.20249007364104266,poor,30
1743648388.2414799,-0.09791109556843329,0.040665334848695084,0.21671123545253368,-0.03808853502763043,0.03239233704827379,-0.00796317497338585,0.21671123545253368,poor,30
1743648388.3416152,-0.09458515973556739,0.06491987547114374,0.2433187221154609,-0.03372208183280696,0.036916408233487054,-0.012280913582902547,0.2433187221154609,poor,30
1743648388.4418225,-0.08975953658599953,0.08816406505751906,0.2819237073120038,-0.028818675941682782,0.040859318606265016,-0.01582713124620165,0.2819237073120038,poor,30
1743648388.541966,-0.08351690027607886,0.10999867941526392,0.3318647977913691,-0.023462443621608542,0.04415329817015758,-0.018373497478449925,0.3318647977913691,poor,30
1743648388.6421456,-0.0759504141920346,0.13010049322056225,0.39239668646372317,-0.017733004772905195,0.046749765151539766,-0.019762372693379382,0.39239668646372317,poor,30
1743648388.7423003,-0.06718417251584471,0.1481389477937685,0.4625266198732423,-0.011724430408898041,0.04860594337719315,-0.01990518524978451,0.4625266198732423,poor,30
1743648388.8425167,-0.05734876445541351,0.16384284196067278,0.5412098843566919,-0.005526527127654951,0.04969363639247277,-0.01879236910261633,0.5412098843566919,poor,30
1743648388.9426692,-0.04661212287738956,0.1769441719962897,0.6271030169808836,0.0007548956356047892,0.04999430100100755,-0.016495486975058017,0.6271030169808836,poor,30
1743648389.0428503,-0.03513477355296448,0.18724900733923167,0.7189218115762841,0.007026156756154031,0.049503869760231384,-0.013157902941762578,0.7189218115762841,poor,30
1743648389.142985,-0.023106976819528533,0.19458743661667133,0.8151441854437718,0.013183406693978064,0.04823067268804339,-0.008992654774545803,0.8151441854437718,poor,30
1743648389.2431078,-0.01071530627346084,0.19884850727592532,0.9142775498123132,0.0191314802098987,0.046195091351552225,-0.004261445314964092,0.9142775498123132,poor,30
1743648389.3432302,0.0018457354654202057,0.19996592970395421,1.0147658837233617,0.024777086016859802,0.0434292068602816,0.0007381684166606241,1.0147658837233617,good,31
1743648389.4434888,0.014394527144825146,0.19791713001432587,1.1151562171586011,0.030037824668507147,0.03997160353531021,0.005697847000834203,1.1151562171586011,good,32
1743648389.5437808,0.02671917652850904,0.19272867566232454,1.2137534122280722,0.03482390397821621,0.035878903435249763,0.010299103014254825,1.2137534122280722,good,33
1743648389.6440976,0.03862286177162008,0.1844806173945689,1.3089828941729607,0.03905855482964482,0.031215850054413536,0.014250338770347131,1.3089828941729607,good,34
1743648389.7443874,0.049910647896426893,0.17330813283350435,1.3992851831714153,0.042672443355325225,0.02605882917720135,0.017299842390880435,1.3992851831714153,good,35
1743648389.844677,0.060406726357603135,0.1593866670805015,1.483253810860825,0.045609454514007594,0.02048847624726331,0.01925605356676449,1.483253810860825,good,35
1743648389.944888,0.06993759154700037,0.1429508067637947,1.5595007323760028,0.047821572262788936,0.014597850057965933,0.0199952702695209,1.5595007323760028,good,35
1743648390.0450304,0.07835546324444764,0.12426457869800252,1.6268437059555811,0.0492755972290132,0.00848030174722966,0.019473617257516215,1.6268437059555811,good,35
1743648390.145165,0.08553361256227794,0.10361469243396187,1.6842689004982234,0.04995028585193648,0.0022291126732031557,0.017725077916812174,1.6842689004982234,good,35
1743648390.2452924,0.09135885099304765,0.08132798645558899,1.730870807944381,0.049835145680436316,-0.004056877495031168,0.014860062792321506,1.730870807944381,good,35
1743648390.3454702,0.09574146083800839,0.057743317417831445,1.765931686704067,0.04893142350413242,-0.010281818606610314,0.01105685912643199,1.765931686704067,good,35
1743648390.7170205,0.09848970665699013,-0.03462817827261704,1.7879176532559211,0.0390660162891284,-0.031206511681018675,-0.0068210382402720225,1.7879176532559211,good,35
1743648390.8172498,0.09553454596547985,-0.05909824116400145,1.7642763677238387,0.03483642427355658,-0.03586674704838394,-0.011291847273922618,1.7642763677238387,good,35
1743648390.9174469,0.09106751233418317,-0.0826246500086602,1.7285400986734654,0.030056538556511372,-0.03995753358255419,-0.01504884266754246,1.7285400986734654,moderate,35
1743648391.0176,0.08516152048162054,-0.10483349520565506,1.6812921638529643,0.02480316893368692,-0.043414315736252124,-0.017855559698232524,1.6812921638529643,moderate,35
1743648391.1177695,0.07790709030347298,-0.12538716490050342,1.6232567224277838,0.019156499682353743,-0.04618472171530301,-0.019537098357599952,1.6232567224277838,moderate,35
1743648391.2179422,0.06941955570174409,-0.1439572893072449,1.5553564456139526,0.013206495528482264,-0.04822435562924795,-0.01998690212747275,1.5553564456139526,moderate,35
1743648391.3180668,0.0598383013616437,-0.1602420380568484,1.4787064108931496,0.007050493553449794,-0.04950040949984922,-0.019177222728099342,1.4787064108931496,moderate,35
1743648391.4182396,0.04930574612555669,-0.17399934941260156,1.3944459690044535,0.0007799985481618224,-0.04999391565245581,-0.017158335496299526,1.3944459690044535,moderate,35
1743648391.5183554,0.03799954792690489,-0.1849976687134285,1.303996383415239,-0.0054992814306797436,-0.04969665887910556,-0.014059655557283198,1.303996383415239,moderate,35
1743648391.618512,0.026087741737392534,-0.193074387022651,1.2087019338991403,-0.01169412438333503,-0.04861324361639624,-0.010073749489504584,1.2087019338991403,moderate,35
1743648391.718693,0.01376017227589211,-0.19809752809096604,1.1100813782071368,-0.017705409906328018,-0.04676022305388311,-0.005451712227920139,1.1100813782071368,moderate,35
1743648391.8189206,0.001208969116462337,-0.19998538340264213,1.0096717529316988,-0.023439039930459257,-0.044165726611687675,-0.00048355230455534784,1.0096717529316988,moderate,35
1743648391.9190645,-0.011350938851206553,-0.19870738473641256,0.9091924891903476,-0.028797041736423196,-0.040874568954677684,0.0045110307468523856,0.9091924891903476,moderate,35
1743648392.0192683,-0.023738626023329556,-0.19428306806847068,0.8100909918133635,-0.033702368258256406,-0.03693440636838328,0.00922402619108501,0.8100909918133635,moderate,35
1743648392.1194625,-0.035749296537251084,-0.18678316623391614,0.7140056277019913,-0.03807363463894313,-0.032409849511842385,0.013354733595725865,0.7140056277019913,moderate,35
1743648392.2196047,-0.047188231743832604,-0.17633230883635986,0.6224941460493392,-0.04184033768671324,-0.02737491812338083,0.01664161970659042,0.6224941460493392,moderate,35
1743648392.3197305,-0.05787917876545683,-0.16309507246310406,0.5369665698763453,-0.04494486473037902,-0.02190796965416769,0.01887961770971427,0.5369665698763453,moderate,35
1743648392.4199245,-0.06766135148797192,-0.14726766807172742,0.45870918809622463,-0.04734018136095792,-0.016090594417597286,0.019928658904430258,0.45870918809622463,poor,35
1743648392.520061,-0.07636766468468516,-0.12911978609969105,0.38905868252251874,-0.04898529615861144,-0.010022013782325777,0.019721153058038954,0.38905868252251874,poor,35
1743648392.6202123,-0.0838673396334013,-0.10892693593075527,0.3290612829327896,-0.04985584611898212,-0.0037940226357226557,0.01827082466186079,0.3290612829327896,poor,35
1743648392.720422,-0.09004356969228954,-0.0869978288710655,0.2796514424616837,-0.0499375785271336,0.002497649063893028,0.015667190134059327,0.2796514424616837,poor,35
1743648392.8206387,-0.09479408117118004,-0.0636893138575611,0.24164735063055964,-0.0492283872029974,0.008750193905952141,0.012074739975100817,0.24164735063055964,poor,35
1743648392.920772,-0.09804109899244669,-0.03939253271132845,0.2156712080604265,-0.04774102596519758,0.014859153400861384,0.007724174398229093,0.2156712080604265,poor,35
1743648393.020899,-0.09973776850956342,-0.01447446478910226,0.2020978519234926,-0.04549892022230653,0.020732782220536292,0.002887301636870616,0.2020978519234926,poor,35
1743648393.12104,-0.09985742757991892,0.010675983724463073,0.20114057936064866,-0.0425369837478762,0.026279364787469967,-0.0021321525432199287,0.20114057936064866,poor,35
1743648393.2212305,-0.09839672970544389,0.035669795809553845,0.2128261623564489,-0.03890037430129467,0.031412750265125994,-0.00701958251384209,0.2128261623564489,poor,35
1743648393.3213592,-0.09538068110745714,0.060084130067017516,0.23695455114034292,-0.03465074463582924,0.03604616340448109,-0.01146173049908235,0.23695455114034292,poor,35
1743648393.4215424,-0.09085368812799187,0.08356093234380746,0.27317049497606505,-0.029850494943476205,0.040111693452527054,-0.01518363777369702,0.27317049497606505,poor,35
1743648393.52167,-0.08489231879305642,0.10570324895551851,0.32086144965554864,-0.02458080003993394,0.04354060483499034,-0.017946787815587367,0.32086144965554864,poor,35
1743648393.6218348,-0.07758580020938577,0.12618151379452186,0.37931359832491385,-0.01892031260382561,0.0462819810614619,-0.019579787438759252,0.37931359832491385,poor,35
1743648393.7219918,-0.06905237340868817,0.14466194698851662,0.44758101273049467,-0.012960921417678045,0.048290936168237354,-0.0199785015629578,0.44758101273049467,poor,35
1743648393.8221183,-0.05942961561262699,0.16084925599001576,0.524563075098984,-0.006798386863969986,0.04953566327453182,-0.019118418910127347,0.524563075098984,poor,35
1743648393.9222438,-0.048867352156160594,0.17449334535443795,0.6090611827507153,-0.0005284265291510693,0.04999720757605658,-0.017054055512683734,0.6090611827507153,poor,35
1743648394.0224082,-0.03752796094541921,0.18538233084389777,0.6997763124366463,0.005752313898633141,0.04966800665228666,-0.013914041743761152,0.6997763124366463,poor,35
1743648394.1226153,-0.02558960188000406,0.19334086247477944,0.7952831849599675,0.011944642593738737,0.048552296684171825,-0.009895031395732444,0.7952831849599675,poor,35
1743648394.2227519,-0.013254798635377284,0.19823531787384005,0.8939616109169817,0.017943678438622584,0.04666930901664724,-0.005255138441675513,0.8939616109169817,poor,35
1743648394.3228767,-0.0007118569471308922,0.19999493253267017,0.9943051444229528,0.023658312940215365,0.04404865751442192,-0.00028473556422871067,0.9943051444229528,poor,35
1743648394.423047,0.011848021340187385,0.19859128269209064,1.0947841707214991,0.0290012416272155,0.04072993965229832,0.0047058275106221506,1.0947841707214991,good,36
1743648394.523264,0.024226081179339262,0.19404223242059515,1.1938086494347142,0.03388739364051579,0.03676471885181132,0.009401765749683108,1.1938086494347142,good,37
1743648394.623542,0.036227601457314886,0.1864141721291593,1.289820811658519,0.0382392843681466,0.03221423801693934,0.013506676667780958,1.289820811658519,good,38
1743648394.7238307,0.04765577136977262,0.1758286376578282,1.381246170958181,0.04198512179156036,0.02715233964408674,0.016758498712960108,1.381246170958181,good,39
1743648394.8241339,0.05832952683421545,0.16245203968305896,1.4666362146737235,0.0450654019521125,0.021658936882832814,0.018951501215932042,1.4666362146737235,good,40
1743648394.9244113,0.06807544184993737,0.14650234423975333,1.5446035347994989,0.04743015165372409,0.01582342295790434,0.01994642363234567,1.5446035347994989,good,40
1743648395.0246382,0.07673773683304413,0.12823914762259553,1.613901894664353,0.04904213044658273,0.00974009452009389,0.019681563923913264,1.613901894664353,good,40
1743648395.1248538,0.08418358150759951,0.10794673880304771,1.6734686520607962,0.04987712741207768,0.0035031644436665206,0.01817468616901184,1.6734686520607962,good,40
1743648395.2249937,0.09029198096720015,0.08596180949744527,1.7223358477376012,0.04992240569210229,-0.002784494552545141,0.015523324134098824,1.7223358477376012,good,40
1743648395.3251169,0.09497178479316305,0.06262140506890988,1.7597742783453043,0.04917836631637111,-0.00902708626594515,0.011894533211299999,1.7597742783453043,good,40
1743648395.4252884,0.09815130418763847,0.03827905360719695,1.7852104335011076,0.04765592546415691,-0.015129863454596066,0.0075142780692298156,1.7852104335011076,good,40
1743648395.5254412,0.09977745219874233,0.013335671370829544,1.7982196175899388,0.0453798414171354,-0.020992141218933405,0.002661198625482163,1.7982196175899388,good,40
1743648395.6257565,0.09982403672558679,-0.01185945897732298,1.7985922938046943,0.04238048506700017,-0.026531009884393317,-0.0023677181369957576,1.7985922938046943,good,40
1743648396.0019987,0.0861727342152715,-0.1014743293225273,1.689381873722172,0.025649498181379835,-0.0429197302303194,-0.017488640820766146,1.689381873722172,moderate,40
1743648396.1022403,0.07911561369012772,-0.12232284611526133,1.6329249095210217,0.020054067378253614,-0.04580212202058399,-0.01935529407746391,1.6329249095210217,moderate,40
1743648396.2024546,0.07080719598562639,-0.14122805665522833,1.5664575678850112,0.014142495944680426,-0.047958208978804644,-0.019999925372511797,1.5664575678850112,moderate,40
1743648396.3025947,0.061384678848914014,-0.157885036689557,1.4910774307913122,0.008011532174415066,-0.04935398010513754,-0.019383444544474923,1.4910774307913122,moderate,40
1743648396.4027903,0.05098537270503374,-0.17205222195750686,1.4078829816402698,0.0017503797037025917,-0.04996935231612339,-0.017544293322465352,1.4078829816402698,moderate,40
1743648396.502915,0.039787042899427666,-0.1834883235229872,1.3182963431954213,-0.004534039564286649,-0.049794000494331477,-0.014600915599106305,1.3182963431954213,moderate,40
1743648396.603074,0.02795551408996528,-0.192025927748997,1.2236441127197222,-0.010748897622241592,-0.048830945105604595,-0.01073636705765148,1.2236441127197222,moderate,40
1743648396.7032456,0.015680168719127,-0.19752602166742195,1.125441349753016,-0.016794433513859935,-0.047095084700513476,-0.006194482692326222,1.125441349753016,moderate,40
1743648396.8034763,0.0031492630731173215,-0.1999007968177846,1.0251941045849386,-0.02257751761755741,-0.04461228192133737,-0.0012590803954099553,1.0251941045849386,moderate,40
1743648396.903621,-0.009420769840004967,-0.19911051298835683,0.9246338412799603,-0.027998417898386092,-0.041425699694601824,0.0037515486311772584,0.9246338412799603,moderate,40
1743648397.003764,-0.021841597440506948,-0.19517115177450628,0.8252672204759444,-0.03297641115868298,-0.03758399003689589,0.008525699458117698,0.8252672204759444,moderate,40
1743648397.103887,-0.03391464642528429,-0.18814671677016268,0.7286828285977257,-0.037432036403790496,-0.03314879561409891,0.012761858750676343,0.7286828285977257,moderate,40
1743648397.2040315,-0.04545389970669229,-0.17814536762379155,0.6363688023464618,-0.04129663458197353,-0.028188436852776146,0.016194803346367297,0.6363688023464618,moderate,40
1743648397.3041558,-0.056272168661018855,-0.1653292839661002,0.5498226507118491,-0.04450750722145574,-0.022783366760250025,0.01860687470389174,0.5498226507118491,moderate,40
1743648397.40433,-0.06620547924060602,-0.1498910873737553,0.47035616607515185,-0.047015790865608524,-0.017015152343760033,0.019847222546950035,0.47035616607515185,poor,40
1743648397.5044467,-0.07508628545824167,-0.13209163086408535,0.39930971633406664,-0.048779232695668195,-0.010981186530692159,0.019836539803410796,0.39930971633406664,poor,40
1743648397.6045902,-0.0827820561175862,-0.11219859508825965,0.3377435510593104,-0.04977176241331789,-0.004771966709045316,0.018576060789821283,0.3377435510593104,poor,40
1743648397.70482,-0.0891734703208456,-0.09051170512010631,0.28661223743323516,-0.04997694701270934,0.0015181460037964382,0.01614248570043386,0.28661223743323516,poor,40
1743648397.8050678,-0.09415287222243625,-0.06738654620220848,0.24677702222051,-0.049390167209068955,0.00778533127491758,0.012689273748175661,0.24677702222051,poor,40
1743648397.9052808,-0.0976391222441254,-0.04320193548426918,0.21888702204699684,-0.04802122331693587,0.013927028080138832,0.008436398119862751,0.21888702204699684,poor,40
1743648398.005417,-0.09957810065626299,-0.0183523153516013,0.20337519474989607,-0.045893644509069256,0.019843724289436645,0.00365497741071447,0.20337519474989607,poor,40
1743648398.1055532,-0.09994239638867247,0.0067874602288248405,0.20046082889062022,-0.043040331688127424,0.025446607793102306,-0.0013567100813231235,0.20046082889062022,poor,40
1743648398.2057552,-0.09872493441130177,0.03183628907295343,0.21020052470958583,-0.039503857922574666,0.030650370458332722,-0.006286071101253141,0.21020052470958583,poor,40
1743648398.3058827,-0.09594687371067712,0.05636301713525902,0.23242501031458307,-0.035345184156336674,0.03536549104642331,-0.010815710574058855,0.23242501031458307,poor,40
1743648398.406071,-0.09164876268753062,0.08001260645285081,0.266809898499755,-0.030624656240756932,0.03952379574554382,-0.014666112761616208,0.266809898499755,poor,40
1743648398.5061922,-0.08590416608157346,0.10238113595442172,0.3127666713474123,-0.025422966261496954,0.043054300441033616,-0.017589932213297587,0.3127666713474123,poor,40
1743648398.6063468,-0.07879894382605485,0.12313775135023788,0.36960844939156123,-0.01981744380766284,0.04590499886646471,-0.01940624950302821,0.36960844939156123,poor,40
1743648398.706506,-0.07044676984462105,0.14194721016573722,0.43642584124303163,-0.013898148956803852,0.04802958937545159,-0.01999944488926348,0.43642584124303163,poor,40
1743648398.8066645,-0.060980144636193015,0.15851084455202402,0.5121588429104559,-0.0077590190211475635,0.04939430760552749,-0.019332028454375063,0.5121588429104559,poor,40
1743648398.9067872,-0.05055265766509252,0.17256220678927311,0.5955787386792599,-0.0014993831788801574,0.04997751344437708,-0.017446956331502055,0.5955787386792599,poor,40
1743648399.0069451,-0.03932189325233512,0.183888974232301,0.685424853981319,0.004786163719291819,0.049770399203262726,-0.014461725230087883,0.685424853981319,poor,40
1743648399.1070673,-0.027473362002044546,0.19230407567500607,0.7802131039836436,0.010993799559320365,0.04877639153575721,-0.01056647897097602,0.7802131039836436,poor,40
1743648399.2072172,-0.015187066038953005,0.19768007512269395,0.878503471688376,0.017029266960722888,0.0470106803479851,-0.006004360710947088,0.878503471688376,poor,40
1743648399.3073392,-0.0026640476217574646,0.19992901590583603,0.9786876190259403,0.022793808164865995,0.044502160726680326,-0.0010652408386885056,0.9786876190259403,poor,40
1743648399.4075894,0.009917126289012096,0.1990140759460776,1.0793370103120967,0.028204656185217305,0.04128555884899324,0.003947295448896592,1.0793370103120967,good,41
1743648399.507808,0.0223372344376839,0.194946638418578,1.1786978755014712,0.033166982992410644,0.03741592226821548,0.008709137530388343,1.1786978755014712,good,42
1743648399.6081152,0.03441399650948954,0.1877836717528427,1.2753119720759163,0.037607633603637454,0.032949444528467535,0.012924773248482915,1.2753119720759163,good,43
1743648399.708403,0.045942538271306455,0.17764327375039612,1.3675403061704516,0.04145086576723919,0.0279611467423337,0.01632276580583548,1.3675403061704516,good,44
1743648399.808705,0.05674382170878975,0.1646831952310992,1.453950573670318,0.04463702660650784,0.022528556450201413,0.018689507737254613,1.453950573670318,good,45
1743648399.9089913,0.06664334116543505,0.14911291128949808,1.5331467293234804,0.047114651488400404,0.016739462808781226,0.019874765238474545,1.5331467293234804,good,45
1743648400.0091972,0.07547921508531577,0.13119280605436628,1.6038337206825262,0.04884391689792576,0.01068979803684439,0.019804660051647258,1.6038337206825262,good,45
1743648400.1093242,0.0831143223108611,0.11121167972486157,1.6649145784868888,0.0497992698144663,0.0044757933314649575,0.018486566786768802,1.6649145784868888,good,45
1743648400.209482,0.0894370693925311,0.08946531436206052,1.7154965551402488,0.04996719537383854,-0.0018109076378016926,0.016003031057648432,1.7154965551402488,good,45
1743648400.3096063,0.09434350250008544,0.06631149330293727,1.7547480200006835,0.0493449621589703,-0.00806688970606322,0.012512117068420122,1.7547480200006835,good,45
1743648400.4097834,0.09775977811119967,0.042096355360007554,1.7820782248895974,0.047941655222766874,-0.014198510291623898,0.008230660718569096,1.7820782248895974,good,45
1743648400.509914,0.0996283637062466,0.01722662418651405,1.797026909649973,0.045780778223874774,-0.020102744718480437,0.003432520759769692,1.797026909649973,good,45
1743648400.6100805,0.09992147142596744,-0.007924531044692196,1.7993717714077395,0.04289486479985627,-0.025691060192254662,-0.0015836616046928063,1.7993717714077395,good,45
1743648400.7103024,0.09863236566550736,-0.03296400723368723,1.789058925324059,0.03932807534238117,-0.03087559699607428,-0.0065026360305469365,1.789058925324059,good,45
1743648400.8104866,0.09578222805645892,-0.05747224681672,1.7662578244516713,0.035139990819452654,-0.03556938353709245,-0.011009639703032339,1.7662578244516713,good,45
1743648400.9107847,0.09141017874966306,-0.08109695976927,1.7312814299973045,0.030390001020856684,-0.03970450651944096,-0.014826175177126411,1.7312814299973045,moderate,45
1743648401.338366,0.05777527099148765,-0.16324237270831576,1.4622021679319013,0.005785644550632052,-0.04966413511915557,-0.018862744641032738,1.4622021679319013,moderate,45
1743648401.4385939,0.04706458927856097,-0.1764644376189193,1.3765167142284878,-0.0004988580957856921,-0.04999751134406861,-0.01661045255761336,1.3765167142284878,moderate,45
1743648401.5387948,0.03561145300053312,-0.18688846315587082,1.284891624004265,-0.006773780448430549,-0.04953903408865034,-0.013310739444034318,1.284891624004265,moderate,45
1743648401.6389632,0.02359840666074587,-0.1943513848993525,1.188787253285967,-0.012939479259027113,-0.048296685978493466,-0.009172766031868129,1.188787253285967,moderate,45
1743648401.7391725,0.011206855051187698,-0.19874009560087938,1.0896548404095017,-0.018902799060647915,-0.04628913682142678,-0.0044545028885164826,1.0896548404095017,moderate,45
1743648401.8393981,-0.001364241841904183,-0.19998138757591216,0.9890860652647665,-0.024567663537677545,-0.04354801841989449,0.0005456459530662334,0.9890860652647665,moderate,45
1743648401.9395375,-0.013902986422311657,-0.1980576377577095,0.8887761086215067,-0.02983898163537617,-0.040120258909479685,0.005507185297161111,0.8887761086215067,moderate,45
1743648402.039732,-0.026228540435175935,-0.19299806907469663,0.7901716765185925,-0.03464090565880037,-0.036055618912148674,0.010124115317273117,0.7901716765185925,moderate,45
1743648402.1398668,-0.038131922477016154,-0.18488868530233893,0.6949446201838707,-0.03889204449181667,-0.031423062792263784,0.014100322029652447,0.6949446201838707,moderate,45
1743648402.2399933,-0.04943140895496378,-0.17385667440425898,0.6045487283602897,-0.042527903695823266,-0.026294056500258428,0.017187960744053814,0.6045487283602897,moderate,45
1743648402.340118,-0.059949169732548296,-0.16007619496200073,0.5204066421396136,-0.0454913269753874,-0.02074943782415299,0.019192869963834944,0.5204066421396136,poor,45
1743648402.4402893,-0.06952336297165396,-0.14375676681271954,0.44381309622676834,-0.04773641183324591,-0.014873970058015457,0.019988907757504237,0.44381309622676834,poor,45
1743648402.540422,-0.07799433849560887,-0.12517001498174213,0.37604529203512904,-0.04922566115739014,-0.008765516734215493,0.01952510503597285,0.37604529203512904,poor,45
1743648402.640569,-0.08523297448107738,-0.10460095718697825,0.318136204151381,-0.04993657861079088,-0.0025175616473689863,0.017830901429227965,0.318136204151381,poor,45
1743648402.7407713,-0.0911263484920734,-0.08236476456595239,0.27098921206341275,-0.049857390086204365,0.003773679079101825,0.015011200478609113,0.27098921206341275,poor,45
1743648402.8409975,-0.09557767331676417,-0.0588186488574468,0.23537861346588662,-0.04898844030653674,0.01000663361640101,0.011243499210861027,0.23537861346588662,poor,45
1743648402.9411557,-0.09851339794497381,-0.034357556684679,0.21189281644020952,-0.04734479260420711,0.016077021280841052,0.006769359308189553,0.21189281644020952,poor,45
1743648403.0412965,-0.09989049165156771,-0.009357281145307846,0.20087606678745829,-0.044952606674275884,0.02189207969078881,0.0018694068282534904,0.20087606678745829,poor,45
1743648403.1414976,-0.09968722015119498,0.01580609230988927,0.20250223879044016,-0.041847421944283536,0.027364087352168293,-0.003151330807652083,0.20250223879044016,poor,45
1743648403.241685,-0.09790585338630042,0.040715789207640095,0.21675317290959661,-0.03808018752676437,0.03240214989667291,-0.00797262817734145,0.21675317290959661,poor,45
1743648403.3418097,-0.09457722116222618,0.06496612154750679,0.24338223070219056,-0.03371305556852452,0.03692465144363015,-0.012288630491301236,0.24338223070219056,poor,45
1743648403.4419944,-0.08975001208277683,0.08820284193021025,0.28199990333778535,-0.02880984901694449,0.04086554293804088,-0.015832412257943247,0.28199990333778535,poor,45
1743648403.5421124,-0.08350678130259909,0.11002940473309648,0.3319457495792073,-0.023454320878760836,0.04415761352378686,-0.018376402875803693,0.3319457495792073,poor,45
1743648403.6422708,-0.0759401813072194,0.13012438454074082,0.3924785495422448,-0.01772565114500822,0.04675255384987508,-0.019763338709028386,0.3924785495422448,poor,45
1743648403.7424524,-0.06717001302807403,0.1481646293797324,0.46263989577540776,-0.01171513924707588,0.04860818359516865,-0.019904440171472772,0.46263989577540776,poor,45
1743648403.8425887,-0.05734135189693369,0.1638532192254033,0.5412691848245305,-0.005522030780191343,0.049694136234193866,-0.018791130206098544,0.5412691848245305,poor,45
1743648403.9427128,-0.04660727207493454,0.17694928301333157,0.6271418234005237,0.0007576367134521679,0.049994259536575096,-0.01649424675373387,0.6271418234005237,poor,45
1743648404.042876,-0.03513174408837865,0.18725128098155883,0.7189460472929707,0.007027758569349552,0.04950364238610058,-0.013156928167330415,0.7189460472929707,poor,45
1743648404.1430004,-0.023105111231597444,0.19458832272236185,0.8151591101472204,0.013184331503120546,0.048230419890519544,-0.0089919696817403,0.8151591101472204,poor,45
1743648404.2431226,-0.010713459411556573,0.1988489053270038,0.9142923247075474,0.01913233830576257,0.046194735965841935,-0.004260719352506622,0.9142923247075474,poor,45
1743648404.3432443,0.0018475028371795464,0.19996586441957154,1.0147800226974364,0.024777853699427907,0.043428768875593826,0.0007388750037084377,1.0147800226974364,good,46
1743648404.44349,0.014394675387521413,0.19791708688729112,1.1151574031001714,0.030037884547059263,0.03997155853775955,0.005697904438772853,1.1151574031001714,good,47
1743648404.5437467,0.026715047908454494,0.19273096497707867,1.213720383267636,0.0348223667647237,0.03588039538387316,0.010297633925610642,1.213720383267636,good,48
1743648404.6440356,0.03861567636851431,0.18448663408065274,1.3089254109481145,0.03905612307565352,0.031218892521987465,0.014248152311950018,1.3089254109481145,good,49
1743648404.7443738,0.04990916805255417,0.1733098375084566,1.3992733444204335,0.042671998328913496,0.026059557912927148,0.017299499610740832,1.3992733444204335,good,50
1743648404.8446345,0.06040247624209967,0.15939310981121593,1.4832198099367973,0.045608361802792374,0.020490908561251988,0.01925547705705271,1.4832198099367973,good,50
1743648404.9448283,0.06993221632663414,0.14296132511479945,1.5594577306130732,0.04782047435448299,0.014601446247280943,0.019995204628540854,1.5594577306130732,good,50
1743648405.0449774,0.07835133050045368,0.12427500165051181,1.6268106440036294,0.04927503307438743,0.008483579169078648,0.019474223454527352,1.6268106440036294,good,50
1743648405.1451573,0.08553311586163587,0.1036163325156797,1.684264926893087,0.04995026447829072,0.0022295915654684958,0.01772525554844284,1.684264926893087,good,50
1743648405.2452805,0.09135824182474632,0.08133072360900703,1.7308659345979707,0.04983520644800998,-0.0040561309500834605,0.014860463830506536,1.7308659345979707,good,50
1743648405.3454027,0.09573901251237187,0.0577595527391238,1.765912100098975,0.04893229510710395,-0.010277669752978615,0.011059685084799951,1.765912100098975,good,50
1743648405.4455695,0.09860716588272604,0.03326420518073755,1.7888573270618084,0.047254891999309795,-0.016339375206340292,0.006560177996428045,1.7888573270618084,good,50
1743648405.5456867,0.09991478313046898,0.008254965049315577,1.7993182650437518,0.044831145941410716,-0.02213974601435016,0.0016495860853039338,1.7993182650437518,good,50
1743648405.6458247,0.09964277349824366,-0.01688996028150594,1.7971421879859493,0.04169801064398426,-0.02759122882972369,-0.003365924973448856,1.7971421879859493,good,50
1743648405.7459667,0.0977948986384938,-0.04176878261509302,1.7823591891079504,0.03790529356796865,-0.03260657478985051,-0.008169547724192608,1.7823591891079504,good,50
1743648405.8461008,0.09440068853376422,-0.06598514997637688,1.7552055082701137,0.03351345752701207,-0.037105904713201084,-0.012458087181547346,1.7552055082701137,moderate,50
1743648405.9462175,0.08951470688853826,-0.08915418668035914,1.716117655108306,0.02859257440704189,-0.04101785816906794,-0.01596122177715674,1.716117655108306,moderate,50
1743648406.0463579,0.0832120865779371,-0.1109188648940459,1.6656966926234968,0.023218403923856074,-0.044282115116925765,-0.01845958037737971,1.6656966926234968,moderate,50
1743648406.146626,0.07558296717920686,-0.1309536570300645,1.604663737433655,0.017469515097744966,-0.04684886383093683,-0.01979573192260095,1.604663737433655,moderate,50
1743648406.2468815,0.0667566493735903,-0.14891003679284384,1.5340531949887224,0.01144441704200115,-0.04867263418563612,-0.019881470228776614,1.5340531949887224,moderate,50
1743648406.7032077,0.015684873503916917,-0.197524527521684,1.1254789880313354,-0.0167921900124091,-0.04709588468844331,-0.006196294456197138,1.1254789880313354,moderate,50
1743648406.8034458,0.003153096120573115,-0.19990055512533655,1.025224768964585,-0.022575806741371336,-0.044613147725488425,-0.0012606113297322216,1.025224768964585,moderate,50
1743648406.903654,-0.009424915828565,-0.1991097281563557,0.92460067337148,-0.028000143054890916,-0.04142453365948305,0.0037531848570442217,0.92460067337148,moderate,50
1743648407.0038083,-0.02184703552341362,-0.19516871715353057,0.825223715812691,-0.03297850553717934,-0.037582152313754356,0.008527715793424494,0.825223715812691,moderate,50
1743648407.104015,-0.03392978128139764,-0.18813580140097227,0.7285617497488188,-0.0374373691700031,-0.033142772811412466,0.012766813185470906,0.7285617497488188,moderate,50
1743648407.204206,-0.045473433260913125,-0.17812542623067917,0.6362125339126949,-0.041302815631968165,-0.028179379355685725,0.016199949363544984,0.6362125339126949,moderate,50
1743648407.3043318,-0.056290445177470096,-0.16530439536469965,0.5496764385802393,-0.044512543739737696,-0.022773525195233582,0.018610116009742935,0.5496764385802393,moderate,50
1743648407.4045103,-0.06622245284653573,-0.14986109220192348,0.47022037722771415,-0.04701964362304394,-0.017004502743742423,0.019848338223744443,0.47022037722771415,poor,50
1743648407.5046306,-0.0751015397697288,-0.13205693808680927,0.3991876818421696,-0.04878176800368777,-0.01096991843335148,0.01983535877519024,0.3991876818421696,poor,50
1743648407.6047654,-0.08279440774408482,-0.11216213347304389,0.3376447380473214,-0.049772812041952684,-0.004761006347029016,0.018572794824427318,0.3376447380473214,poor,50
1743648407.7049906,-0.08918317644703216,-0.09047344447554824,0.2865345884237427,-0.049976620193720615,0.0015288669048015295,0.016137418324867172,0.2865345884237427,poor,50
1743648407.8052592,-0.09416097553689334,-0.06734124103224036,0.24671219570485325,-0.049388292758921114,0.0077972134996484935,0.012681833898921644,0.24671219570485325,poor,50
1743648407.9054837,-0.09764462654791325,-0.04315214508311519,0.21884298761669396,-0.04801767085997301,0.013939271328993464,0.008427150182764307,0.21884298761669396,poor,50
1743648408.0056345,-0.09958060423529923,-0.018297897161445385,0.20335516611760618,-0.04588822069019016,0.0198562635429832,0.0036442313111441954,0.20335516611760618,poor,50
1743648408.105761,-0.09994150634520677,0.006839681118589811,0.20046794923834588,-0.04303368213776451,0.025457851473874374,-0.0013671360678254687,0.20046794923834588,poor,50
1743648408.2059448,-0.09872114012421093,0.03188331805668366,0.21023087900631254,-0.03949655629851808,0.030659778873272914,-0.006295115018997302,0.21023087900631254,poor,50
1743648408.3060725,-0.09594015008483919,0.05640877951874266,0.23247879932128646,-0.03533674897410529,0.035373919374887895,-0.010823733546261547,0.23247879932128646,poor,50
1743648408.4062612,-0.09163919514973562,0.08005642790703753,0.26688643880211504,-0.030615205807523395,0.03953111652057131,-0.014672613239927504,0.26688643880211504,poor,50
1743648408.5063884,-0.0858915411340595,0.1024234965545732,0.312867670927524,-0.025412349356219634,0.04306056781090379,-0.017594623934822647,0.312867670927524,poor,50
1743648408.6065488,-0.07878331720402054,0.12317774036457532,0.36973346236783566,-0.01980579404347931,0.045910026381034454,-0.019408701983233644,0.36973346236783566,poor,50
1743648408.7067273,-0.0704270340454257,0.14198637787568844,0.43658372763659437,-0.01388479456008464,0.04803345167718268,-0.019999358937275582,0.43658372763659437,poor,50
1743648408.8068898,-0.06095770281759533,0.15854536848740464,0.5123383774592374,-0.007745033832739699,0.04939650241595773,-0.019329122910722713,0.5123383774592374,poor,50
1743648408.9070225,-0.050527141205423655,0.17259209717257834,0.5957828703566108,-0.0014846042255780743,0.04997795464295629,-0.01744117052955813,0.5957828703566108,poor,50
1743648409.0071826,-0.03929445460502784,0.1839124339167247,0.6856443631597773,0.004801015351451265,0.04976896876162022,-0.014453477571681842,0.6856443631597773,poor,50
1743648409.107319,-0.02744293970566127,0.1923214502889518,0.7804564823547099,0.01100923105613192,0.04877291083739724,-0.010555731928770072,0.7804564823547099,poor,50
1743648409.2075295,-0.015148271799613837,0.1976919812383398,0.8788138256030893,0.017047716558672366,0.0470039930233078,-0.0059893837288050615,0.8788138256030893,poor,50
1743648409.307652,-0.002624753110568873,0.19993109484128335,0.9790019751154491,0.02281129942745119,0.0444931974399589,-0.0010495395261681977,0.9790019751154491,poor,50
1743648409.4078248,0.009946551155765933,0.199008202043089,1.0795724092461274,0.028216863535415856,0.04127721662398906,0.0039588905240771745,1.0795724092461274,good,51
1743648409.5080428,0.022365998965756854,0.19493344597850584,1.178927991726055,0.03317802341835778,0.03740613267969442,0.008719762502293362,1.178927991726055,good,52
1743648409.6083128,0.0344373156504591,0.1877665709415885,1.2754985252036728,0.037615816197962504,0.032940102789170256,0.012932353344239606,1.2754985252036728,good,53
1743648409.7085955,0.04596401237792161,0.17762105242478743,1.3677120990233729,0.041457625050238395,0.027951123862804624,0.016328352504464783,1.3677120990233729,good,54
1743648409.8088691,0.05676079346704277,0.16465979867583605,1.4540863477363422,0.044641669439524446,0.022519355000803848,0.018692441649927945,1.4540863477363422,good,55
1743648409.9091566,0.06665881963945228,0.14908523420211636,1.5332705571156182,0.04711812603221025,0.016729680188597468,0.019875691475168752,1.5332705571156182,good,55
1743648410.009366,0.0754931277473387,0.13116078168300158,1.6039450219787095,0.04884618332734367,0.010679436986636225,0.01980347529407128,1.6039450219787095,good,55
1743648410.109571,0.08313156123062915,0.11116012823594901,1.6650524898450332,0.04980065532706899,0.004460350770340294,0.018481830013702766,1.6650524898450332,good,55
1743648410.209725,0.08945072202080417,0.08941070025353388,1.7156057761664334,0.04996664017848781,-0.0018261624444523247,0.015995703388128606,1.7156057761664334,good,55
1743648410.3098483,0.0943535807904866,0.06625411057475965,1.754828646323893,0.04934250673858439,-0.008081895121365706,0.012502625149634834,1.754828646323893,good,55
1743648410.4100227,0.09776610506529027,0.04203754038297805,1.7821288405223221,0.04793738208454668,-0.01421293069286497,0.008219693179537227,1.7821288405223221,good,55
1743648410.5101414,0.09963082152591529,0.017169671175793107,1.7970465722073223,0.045775030511755535,-0.02011582913150363,0.00342125688914819,1.7970465722073223,good,55
1743648410.6102967,0.0999203910215411,-0.007978836532309972,1.7993631281723288,0.042887881868401506,-0.025702715592754735,-0.0015944969324107386,1.7993631281723288,good,55
1743648410.7104564,0.09862917380493756,-0.03300218626427159,1.7890333904395006,0.03932209878121782,-0.03088320817920554,-0.0065099567300035315,1.7890333904395006,good,55
1743648410.8105836,0.09577872327617583,-0.05749560566115415,1.7662297862094065,0.0351356532457793,-0.035573668225140326,-0.011013711408431624,1.7662297862094065,good,55
1743648410.9107003,0.0914144788231345,-0.08107756931469262,1.731315830585076,0.03039421192538577,-0.039701283120759934,-0.014823327486298372,1.731315830585076,moderate,55
1743648411.01082,0.08560502437928835,-0.10337852390165858,1.6848401950343068,0.025172162177316805,-0.04320141492264879,-0.01769944211779265,1.6848401950343068,moderate,55
1743648411.1109514,0.07844137171835053,-0.12404759091483496,1.6275309737468042,0.01955149420366789,-0.046018899100303795,-0.019460926379432895,1.6275309737468042,moderate,55
1743648411.2111557,0.07003087739046503,-0.14276801058951064,1.5602470191237203,0.013617280802795768,-0.04810997467820795,-0.019996338089749262,1.5602470191237203,moderate,55
1743648411.3112822,0.06051922022816191,-0.15921587839126145,1.4841537618252953,0.007472266602701049,-0.04943849948995377,-0.019271241616361994,1.4841537618252953,moderate,55
1743648411.4115038,0.050040376133932654,-0.17315843330747185,1.4003230090714611,0.0012031369547135782,-0.04998552251870739,-0.017329826266936767,1.4003230090714611,moderate,55
1743648411.5116904,0.03877292776127462,-0.18435465898988268,1.310183422090197,-0.0050828602817398,-0.04974097437079728,-0.014295939750938274,1.310183422090197,moderate,55
1743648411.612004,0.026876345119301655,-0.19264124244852857,1.2150107609544132,-0.011296176952543884,-0.04870725188569785,-0.010354985032515434,1.2150107609544132,moderate,55
1743648412.098665,-0.033296586600164026,-0.18858777607021915,0.7336273071986879,-0.037213700914546705,-0.03339371893399514,0.012558658435308782,0.7336273071986879,moderate,55
1743648412.1988947,-0.04487799228384748,-0.17872846229485584,0.6409760617292202,-0.041113819045380674,-0.028454417644782216,0.01604194910354493,0.6409760617292202,moderate,55
1743648412.2991462,-0.05575065721805083,-0.1660345050856044,0.5539947422555933,-0.044363197801131564,-0.02306310215165505,0.018513065558792494,0.5539947422555933,moderate,55
1743648412.3993912,-0.06573907035003708,-0.15070998148115974,0.47408743719970337,-0.04690928439819711,-0.017306618307718635,0.019815068150085487,0.47408743719970337,poor,55
1743648412.4995265,-0.07467649411099868,-0.13301761127444708,0.40258804711201057,-0.048710404489734856,-0.011282574814572184,0.019866577729990724,0.40258804711201057,poor,55
1743648412.5997136,-0.08243671989543905,-0.11321108095731486,0.3405062408364876,-0.04974158478582041,-0.005076883196907351,0.018665500339876077,0.3405062408364876,poor,55
1743648412.6999424,-0.08889440885938311,-0.09160314565648563,0.2888447291249351,-0.04998531339332381,0.001211794112547087,0.01628601496558651,0.2888447291249351,poor,55
1743648412.8001418,-0.09394250321218293,-0.06855088884118136,0.24845997430253652,-0.04943741302079109,0.007479451437887407,0.01287968419032135,0.24845997430253652,poor,55
1743648412.9003625,-0.09750375205125406,-0.044408032423316,0.21996998358996755,-0.048106382475256906,0.013629965705910472,0.008659899564974108,0.21996998358996755,poor,55
1743648413.0005023,-0.09951952928185973,-0.01958196022027077,0.2038437657451222,-0.04601532468903156,0.019559905259561028,0.0038975749270748973,0.2038437657451222,poor,55
1743648413.1006315,-0.09996147420296679,0.005551099051397403,0.20030820637626567,-0.04319688864754863,0.025179928736421886,-0.0011097920892487497,0.20030820637626567,poor,55
1743648413.2008193,-0.09882177065197267,0.03061095524212943,0.2094258347842186,-0.03969321290361375,0.030404750441146378,-0.00605005759675103,0.2094258347842186,poor,55
1743648413.300948,-0.09611978798020868,0.05517196239539544,0.2310416961583306,-0.03556381294519967,0.03514562858733428,-0.01060623465579491,0.2310416961583306,poor,55
1743648413.4011388,-0.09189495751355711,0.07887500956783548,0.2648403398915431,-0.030869032633659407,0.039333227991890915,-0.014496431306235303,0.2648403398915431,poor,55
1743648413.5012574,-0.08621995716849598,0.10131375002165738,0.31024034265203215,-0.02568946565596729,0.04289581977665047,-0.017470534374894015,0.31024034265203215,poor,55
1743648413.6013877,-0.07918109598924372,0.12215324863370883,0.3665512320860502,-0.02010312778114677,0.0457806100157576,-0.019344456210927306,0.3665512320860502,poor,55
1743648413.7015424,-0.07088809368123627,0.14106563258625782,0.4328952505501098,-0.014197460709849723,0.0479419660568095,-0.019999747555955,0.4328952505501098,poor,55
1743648413.801733,-0.06147011981169555,0.15775201260631566,0.5082390415064356,-0.00806496670960799,0.04934527649099674,-0.019394070230892662,0.5082390415064356,poor,55
1743648413.9018545,-0.051086500012002156,0.17193219031378276,0.5913079999039828,-0.0018091400431262965,0.04996725940357703,-0.01756682768505724,0.5913079999039828,poor,55
1743648414.001999,-0.03989262182755922,0.18339660546175163,0.6808590253795263,0.004476719455944089,0.04979918656878616,-0.014632342852287476,0.6808590253795263,poor,55
1743648414.1021533,-0.028066589735382393,0.19196110585872053,0.7754672821169408,0.010692389280092423,0.048843349716035704,-0.010775387206574037,0.7754672821169408,poor,55
1743648414.202287,-0.015799138514185445,0.1974880980941341,0.8736068918865164,0.016737685222705117,0.047115283012899745,-0.006240283633384533,0.8736068918865164,poor,55
1743648414.3024082,-0.003283416938033028,0.19989216265988058,0.9737326644957358,0.022517617212376415,0.0446425460192056,-0.0013126586253150102,0.9737326644957358,poor,55
